,id,publisher,publisher_url,rating,developer,multigenre,player,metascore_how,metascore_review,userscore_how,userscore_review
0,108177,Nintendo,https://www.metacritic.com/company/nintendo,E,AI,"Miscellaneous, Puzzle, Puzzle, Puzzle, Logic, Logic",No Online Multiplayer,Mixed or average reviews,14,Mixed or average reviews,5
1,107746,Nintendo,https://www.metacritic.com/company/nintendo,E,Mitchell,"Miscellaneous, Puzzle, Puzzle, General, Puzzle, Matching, General",,Mixed or average reviews,33,Generally favorable reviews,13
2,106771,SCEA,https://www.metacritic.com/company/scea,E,Team17,"Miscellaneous, Puzzle, Action, Puzzle, Puzzle, Action",No Online Multiplayer,Generally favorable reviews,46,Generally favorable reviews,19
3,162962,Mastiff,https://www.metacritic.com/company/mastiff,E,Success,"Miscellaneous, Puzzle, Logic",,Mixed or average reviews,10,No user score yet,
4,109524,Peter Stock,https://www.metacritic.com/company/peter-stock,,Peter Stock,"Miscellaneous, Puzzle, Action, Puzzle, General, General",No Online Multiplayer,Generally favorable reviews,7,Generally favorable reviews,32
5,107706,"Majesco Games, Majesco",https://www.metacritic.com/company/majesco-games,E,Taito Corporation,"Miscellaneous, Puzzle, Puzzle, Puzzle, Matching, Matching",2 Players,Mixed or average reviews,7,No user score yet,
6,107722,Oberon Media,https://www.metacritic.com/company/oberon-media,E,PopCap,"Miscellaneous, Puzzle, Puzzle, General, Matching, General",,Generally favorable reviews,13,Mixed or average reviews,10
7,107578,Ubisoft,https://www.metacritic.com/company/ubisoft,E,Sumo Digital,"Miscellaneous, Puzzle, Puzzle, Puzzle, Logic, Logic",No Online Multiplayer,Mixed or average reviews,13,Mixed or average reviews,7
8,107536,Nintendo,https://www.metacritic.com/company/nintendo,E,Nintendo,"Miscellaneous, Puzzle, Puzzle, Puzzle, Stacking, Stacking",2 Players 4 Players Online,Generally favorable reviews,56,Generally favorable reviews,66
9,107723,Oberon Media,https://www.metacritic.com/company/oberon-media,E,Sprout Games,"Miscellaneous, Puzzle, Puzzle, General, Puzzle, General",No Online Multiplayer,Mixed or average reviews,16,Mixed or average reviews,19
10,107134,Nintendo,https://www.metacritic.com/company/nintendo,E,Genius Sonority Inc.,"Miscellaneous, Puzzle, Puzzle, Puzzle, Matching, Matching",No Online Multiplayer,Mixed or average reviews,32,Mixed or average reviews,25
11,107738,Microsoft Game Studios,https://www.metacritic.com/company/microsoft-game-studios,E,iWin,"Miscellaneous, Puzzle, Puzzle, General, Puzzle, Matching, General",,Mixed or average reviews,8,Generally favorable reviews,4
12,108674,"Got Game Entertainment, Big Fish Games",https://www.metacritic.com/company/got-game-entertainment,,TERMINAL Studio,"Miscellaneous, Puzzle, Puzzle, General, Matching, General",,Mixed or average reviews,8,No user score yet,
13,107288,Ubisoft,https://www.metacritic.com/company/ubisoft,E,Taito Corporation,"Miscellaneous, Puzzle, Puzzle, General, Puzzle, General",24 Players Online,Generally favorable reviews,36,Generally favorable reviews,50
14,107105,Sega,https://www.metacritic.com/company/sega,T,Sonic Team,"Miscellaneous, Puzzle, Puzzle, General, Puzzle, Party / Minigame, General",,Mixed or average reviews,44,Generally favorable reviews,7
15,107483,D3Publisher,https://www.metacritic.com/company/d3publisher,E,Now Production,"Miscellaneous, Puzzle, Puzzle, General, Puzzle, General",,Mixed or average reviews,34,Mixed or average reviews,6
16,107637,Conspiracy Entertainment,https://www.metacritic.com/company/conspiracy-entertainment,E,Magicpot,"Miscellaneous, Puzzle, Puzzle, General, Puzzle, General",,Generally favorable reviews,12,No user score yet,
17,107684,"Atari, Atari SA",https://www.metacritic.com/company/atari,E,Sensory Sweep,"Miscellaneous, Puzzle, Puzzle, General, Puzzle, Board / Card Game, General",,Mixed or average reviews,5,Mixed or average reviews,4
18,105679,"Majesco Games, Majesco",https://www.metacritic.com/company/majesco-games,E,Happy Happening,"Miscellaneous, Puzzle, Puzzle, Puzzle, Matching, Matching",No Online Multiplayer,Generally favorable reviews,14,Mixed or average reviews,7
19,162928,Nintendo,https://www.metacritic.com/company/nintendo,E,Intelligent Systems,"Miscellaneous, Puzzle, Matching",,Mixed or average reviews,14,Generally favorable reviews,6
20,107592,Oberon Media,https://www.metacritic.com/company/oberon-media,E,PopCap,"Miscellaneous, Puzzle, Puzzle, Puzzle, Matching, Matching",Friend System Only,Mixed or average reviews,10,Mixed or average reviews,9
21,107602,Microsoft Game Studios,https://www.metacritic.com/company/microsoft-game-studios,E,Carbonated Games,"Miscellaneous, Puzzle, Puzzle, General, Puzzle, General",,Generally favorable reviews,11,Mixed or average reviews,62
22,107609,Oberon Media,https://www.metacritic.com/company/oberon-media,E,Oberon Media,"Miscellaneous, Puzzle, Puzzle, General, Puzzle, Matching, General",,Generally favorable reviews,16,Mixed or average reviews,16
23,107196,Destination Software,https://www.metacritic.com/company/destination-software,E,Gravity-I,"Miscellaneous, Puzzle, Puzzle, General, Puzzle, General",,Generally unfavorable reviews,4,Generally unfavorable reviews,5
24,162272,THQ,https://www.metacritic.com/company/thq,E,Rare Ltd.,"Miscellaneous, Puzzle, General",,Mixed or average reviews,17,No user score yet,
25,106641,Sony Online Entertainment,https://www.metacritic.com/company/sony-online-entertainment,E,Killer Game,"Miscellaneous, Puzzle, Action, Puzzle, General, Puzzle, General",No Online Multiplayer,Mixed or average reviews,29,Generally favorable reviews,6
26,104445,Nintendo,https://www.metacritic.com/company/nintendo,E,Q Entertainment,"Miscellaneous, Puzzle, Puzzle, Puzzle, Matching, Matching",,Generally favorable reviews,49,Mixed or average reviews,178
27,104139,Ubisoft,https://www.metacritic.com/company/ubisoft,E,Racjin,"Miscellaneous, Puzzle, Action, Puzzle, Puzzle, General, Action",,Generally favorable reviews,30,Mixed or average reviews,18
28,162587,Nintendo,https://www.metacritic.com/company/nintendo,E,Nintendo,"Miscellaneous, Puzzle, General",,Generally favorable reviews,39,Generally favorable reviews,46
29,105915,Eidos Interactive,https://www.metacritic.com/company/eidos-interactive,E10+,Core Design Ltd.,"Miscellaneous, Puzzle, Puzzle, General, Puzzle, General",Up to 4 Players,Generally unfavorable reviews,19,Mixed or average reviews,6
30,105214,Atlus,https://www.metacritic.com/company/atlus,E,Sonic Team,"Miscellaneous, Puzzle, Puzzle, Puzzle, Matching, Matching",No Online Multiplayer,Generally favorable reviews,22,Mixed or average reviews,14
31,105570,Nintendo,https://www.metacritic.com/company/nintendo,E,Mitchell,"Miscellaneous, Puzzle, Puzzle, General, Puzzle, Stacking, General",,Mixed or average reviews,34,Generally favorable reviews,17
32,161017,Namco,https://www.metacritic.com/company/namco,E,Namco,"Miscellaneous, Puzzle, General",,Mixed or average reviews,16,No user score yet,
33,105784,Ignition Entertainment,https://www.metacritic.com/company/ignition-entertainment,E,Awesome Studios,"Miscellaneous, Puzzle, Puzzle, General, Puzzle, General",2 Players Online,Generally favorable reviews,39,Mixed or average reviews,23
34,105219,Ubisoft,https://www.metacritic.com/company/ubisoft,E10+,Q Entertainment,"Miscellaneous, Puzzle, Puzzle, General, Puzzle, Matching, General",,Generally favorable reviews,55,Mixed or average reviews,149
35,104133,Nintendo,https://www.metacritic.com/company/nintendo,E,Intelligent Systems,"Miscellaneous, Puzzle, Puzzle, General, Puzzle, Party / Minigame, General",,Generally favorable reviews,54,Generally favorable reviews,99
36,105223,Ignition Entertainment,https://www.metacritic.com/company/ignition-entertainment,E,"Buddiez, Inc.","Miscellaneous, Puzzle, Puzzle, General, Puzzle, Matching, General",,Mixed or average reviews,40,Generally favorable reviews,13
37,105267,Namco,https://www.metacritic.com/company/namco,E,Namco,"Miscellaneous, Puzzle, Action, Puzzle, Puzzle, General",,Mixed or average reviews,35,Mixed or average reviews,13
38,105153,Sega,https://www.metacritic.com/company/sega,T,Sonic Team,"Miscellaneous, Puzzle, Puzzle, General, Puzzle, Party / Minigame, General",No Online Multiplayer,Generally favorable reviews,55,Generally favorable reviews,20
39,162455,Majesco Games,https://www.metacritic.com/company/majesco-games,E,Taito Corporation,"Miscellaneous, Puzzle, Matching",2 Players Online,Mixed or average reviews,12,No user score yet,
40,162439,Nintendo,https://www.metacritic.com/company/nintendo,E,Nintendo,"Miscellaneous, Puzzle, Matching",,Mixed or average reviews,10,Generally favorable reviews,13
41,162279,Sega,https://www.metacritic.com/company/sega,E,Sonic Team,"Miscellaneous, Puzzle, Matching",,Mixed or average reviews,18,Generally favorable reviews,9
42,162537,Majesco Games,https://www.metacritic.com/company/majesco-games,E,Radius9,"Miscellaneous, Puzzle, General",,Generally unfavorable reviews,6,No user score yet,
43,163368,Nintendo,https://www.metacritic.com/company/nintendo,E,Nintendo,"Miscellaneous, Puzzle, General",,Mixed or average reviews,13,Generally favorable reviews,7
44,162282,Nintendo,https://www.metacritic.com/company/nintendo,E,Nintendo,"Miscellaneous, Puzzle, General",,Generally favorable reviews,46,Generally favorable reviews,38
45,162401,Majesco Games,https://www.metacritic.com/company/majesco-games,E,GameHouse,"Miscellaneous, Puzzle, General",,Mixed or average reviews,4,No user score yet,
46,103333,"Ubisoft, Three Rings",https://www.metacritic.com/company/ubisoft,T,Three Rings,"Miscellaneous, Puzzle, Puzzle, General, Puzzle, General",,Generally favorable reviews,10,Generally favorable reviews,93
47,162152,Namco,https://www.metacritic.com/company/namco,E,Nintendo,"Miscellaneous, Puzzle, General",,Generally favorable reviews,31,Generally favorable reviews,10
48,103089,Capcom,https://www.metacritic.com/company/capcom,E,Shift,"Miscellaneous, Puzzle, Puzzle, General",,Mixed or average reviews,24,Mixed or average reviews,6
49,103253,Crave,https://www.metacritic.com/company/crave,E,Crave,"Miscellaneous, Puzzle, General",,Mixed or average reviews,7,No user score yet,
50,162180,Metro3D,https://www.metacritic.com/company/metro3d,E,Frame Studios Interactive,"Miscellaneous, Puzzle, General",,Mixed or average reviews,4,Generally favorable reviews,10
51,162185,THQ,https://www.metacritic.com/company/thq,E,Radical Entertainment,"Miscellaneous, Puzzle, Stacking",,Mixed or average reviews,13,No user score yet,
52,161916,Nintendo,https://www.metacritic.com/company/nintendo,E,Nintendo,"Miscellaneous, Puzzle, General",,Generally favorable reviews,35,Generally favorable reviews,77
53,161694,Capcom,https://www.metacritic.com/company/capcom,E,Atomic Planet Entertainment,"Miscellaneous, Puzzle, Matching",,Generally favorable reviews,22,Mixed or average reviews,4
54,161686,Blizzard Classic Arcade,https://www.metacritic.com/company/blizzard-classic-arcade,E,Mass Media,"Miscellaneous, Puzzle, General",,Generally favorable reviews,16,Generally favorable reviews,25
55,161816,Ubisoft,https://www.metacritic.com/company/ubisoft,E,Taito Corporation,"Miscellaneous, Puzzle, Matching",,Mixed or average reviews,4,No user score yet,
56,161760,Jaleco Entertainment,https://www.metacritic.com/company/jaleco-entertainment,E,Runecraft,"Miscellaneous, Puzzle, General",,Mixed or average reviews,5,No user score yet,
57,161762,Jaleco Entertainment,https://www.metacritic.com/company/jaleco-entertainment,E,Runecraft,"Miscellaneous, Puzzle, General",,Mixed or average reviews,12,Mixed or average reviews,4
58,161761,Jaleco Entertainment,https://www.metacritic.com/company/jaleco-entertainment,E,Runecraft,"Miscellaneous, Puzzle, General",,Generally unfavorable reviews,6,No user score yet,
59,161435,THQ,https://www.metacritic.com/company/thq,E,Realism Ltd,"Miscellaneous, Puzzle, General",,Generally favorable reviews,20,Generally favorable reviews,19
60,161199,Atlus Co.,https://www.metacritic.com/company/atlus-co,E,Nintendo,"Miscellaneous, Puzzle, General",,Mixed or average reviews,12,Generally favorable reviews,22
61,163183,Ubisoft,https://www.metacritic.com/company/ubisoft,E,Fluid Studios,"Miscellaneous, Puzzle, General",,Generally favorable reviews,4,No user score yet,
62,161501,Ubisoft,https://www.metacritic.com/company/ubisoft,E,Team17,"Miscellaneous, Puzzle, General",,Mixed or average reviews,12,Mixed or average reviews,6
63,101808,Ubisoft,https://www.metacritic.com/company/ubisoft,E,Team17,"Miscellaneous, Puzzle, Puzzle, Puzzle, Matching, General",No Online Multiplayer,Mixed or average reviews,12,Mixed or average reviews,23
64,161237,Microsoft Game Studios,https://www.metacritic.com/company/microsoft-game-studios,E,Media.Vision,"Miscellaneous, Puzzle, General",,Generally unfavorable reviews,13,Generally unfavorable reviews,11
65,102465,Ubisoft,https://www.metacritic.com/company/ubisoft,E,Taito Corporation,"Miscellaneous, Puzzle, Puzzle, Matching",,Mixed or average reviews,13,Generally favorable reviews,4
66,161215,Kemco,https://www.metacritic.com/company/kemco,E,Vision Works,"Miscellaneous, Puzzle, Action",,Generally favorable reviews,5,No user score yet,
67,161489,Kemco,https://www.metacritic.com/company/kemco,E,HotGen,"Miscellaneous, Puzzle, General",,Generally favorable reviews,6,No user score yet,
68,161545,Majesco Games,https://www.metacritic.com/company/majesco-games,E,Iridon Interactive AB,"Miscellaneous, Puzzle, General",,Mixed or average reviews,8,No user score yet,
69,102243,Kemco,https://www.metacritic.com/company/kemco,E,Kemco,"Miscellaneous, Puzzle, Puzzle, General",,Mixed or average reviews,8,No user score yet,
70,161644,Kemco,https://www.metacritic.com/company/kemco,E,HotGen,"Miscellaneous, Puzzle, General",,Mixed or average reviews,7,No user score yet,
71,161488,Kemco,https://www.metacritic.com/company/kemco,E,Kemco,"Miscellaneous, Puzzle, General",,Mixed or average reviews,7,Generally favorable reviews,5
72,163166,THQ,https://www.metacritic.com/company/thq,E,Radical Entertainment,"Miscellaneous, Puzzle, Stacking",,Mixed or average reviews,10,Mixed or average reviews,8
73,161146,THQ,https://www.metacritic.com/company/thq,E,Radical Entertainment,"Miscellaneous, Puzzle, Stacking",,Generally unfavorable reviews,10,Generally unfavorable reviews,10
74,161609,Majesco Games,https://www.metacritic.com/company/majesco-games,E,Hudson,"Miscellaneous, Puzzle, General",,Generally favorable reviews,9,Generally favorable reviews,5
75,163250,Majesco Games,https://www.metacritic.com/company/majesco-games,E,Hudson,"Miscellaneous, Puzzle, General",,Generally favorable reviews,10,Generally favorable reviews,5
76,161421,Acclaim,https://www.metacritic.com/company/acclaim,E,PuzzleKings,"Miscellaneous, Puzzle, General",,Mixed or average reviews,11,No user score yet,
77,102085,"Atari, Infogrames",https://www.metacritic.com/company/atari,E,Creature Labs,"Miscellaneous, Puzzle, Puzzle, General, General",2 Players,Mixed or average reviews,8,No user score yet,
78,161420,Acclaim,https://www.metacritic.com/company/acclaim,E,PuzzleKings,"Miscellaneous, Puzzle, General",,Mixed or average reviews,15,Mixed or average reviews,7
79,102147,Global Star Software,https://www.metacritic.com/company/global-star-software,E,Small Rockets,"Miscellaneous, Puzzle, Puzzle, General, Board / Card Game, General",Up to 8 Players,Mixed or average reviews,4,No user score yet,
80,101687,THQ,https://www.metacritic.com/company/thq,E,Blue Planet Software,"Miscellaneous, Puzzle, Puzzle, Stacking",,Generally unfavorable reviews,7,Mixed or average reviews,13
81,161348,THQ,https://www.metacritic.com/company/thq,E,Sonic Team,"Miscellaneous, Puzzle, Matching",,Generally favorable reviews,14,Mixed or average reviews,8
82,161300,THQ,https://www.metacritic.com/company/thq,E,Wow Entertainment,"Miscellaneous, Puzzle, Matching",,Mixed or average reviews,10,Generally favorable reviews,6
83,161290,Ubisoft,https://www.metacritic.com/company/ubisoft,E,Taito Corporation,"Miscellaneous, Puzzle, Matching",,Generally favorable reviews,9,Mixed or average reviews,4
84,161094,THQ,https://www.metacritic.com/company/thq,E,3d6 Games,"Miscellaneous, Puzzle, Stacking",,Mixed or average reviews,10,Generally favorable reviews,7
85,160986,Sega,https://www.metacritic.com/company/sega,E,Sonic Team,"Miscellaneous, Puzzle, General",,Generally favorable reviews,15,Mixed or average reviews,9
86,101432,Agetec Inc.,https://www.metacritic.com/company/agetec-inc,E,From Software,"Miscellaneous, Puzzle, Puzzle, General",,Generally favorable reviews,9,Mixed or average reviews,14
87,160980,Nintendo,https://www.metacritic.com/company/nintendo,E,Newcom,"Miscellaneous, Puzzle, Matching",,Mixed or average reviews,13,Mixed or average reviews,24
88,101445,3DO,https://www.metacritic.com/company/3do,E,Zed Two Limited,"Miscellaneous, Puzzle, Puzzle, General",,Generally favorable reviews,14,No user score yet,
89,160924,Crave,https://www.metacritic.com/company/crave,E,Blue Planet Software,"Miscellaneous, Puzzle, Stacking",,Mixed or average reviews,5,Generally favorable reviews,5
90,101361,Acclaim,https://www.metacritic.com/company/acclaim,E,Taito Corporation,"Miscellaneous, Puzzle, Puzzle, Matching",,Generally favorable reviews,11,No user score yet,
91,101148,SCEA,https://www.metacritic.com/company/scea,E,SCEJ,"Miscellaneous, Puzzle, General",,Mixed or average reviews,18,Mixed or average reviews,13
92,161950,Nintendo,https://www.metacritic.com/company/nintendo,E,Nintendo,"Miscellaneous, Puzzle, Matching",,Generally favorable reviews,15,Generally favorable reviews,49
93,160827,Acclaim,https://www.metacritic.com/company/acclaim,E,Taito Corporation,"Miscellaneous, Puzzle, Matching",,Generally favorable reviews,14,Generally favorable reviews,5
94,160765,Capcom,https://www.metacritic.com/company/capcom,E,Capcom,"Miscellaneous, Puzzle, Matching",,Generally favorable reviews,9,Generally favorable reviews,15
95,111741,Eidos Interactive,https://www.metacritic.com/company/eidos-interactive,E,Razorback Developments,"Miscellaneous, Puzzle, Puzzle, General, Puzzle, General",,Mixed or average reviews,12,No user score yet,
96,107451,Nintendo,https://www.metacritic.com/company/nintendo,E,Nuevo Retro Games,"Miscellaneous, Puzzle, Puzzle, General, Logic, General",,Mixed or average reviews,19,Mixed or average reviews,7
97,110604,SCEA,https://www.metacritic.com/company/scea,E,"SCE/WWS, SCE Japan Studio","Miscellaneous, Puzzle, Action, Puzzle, General, General",,Generally favorable reviews,32,Mixed or average reviews,19
98,110605,SCEA,https://www.metacritic.com/company/scea,E,"SCE/WWS, SCE Japan Studio","Miscellaneous, Puzzle, Action, Puzzle, General, Puzzle, General",,Generally favorable reviews,28,Generally favorable reviews,34
99,112056,Namco Bandai Games,https://www.metacritic.com/company/namco-bandai-games,E,Namco Bandai Games,"Miscellaneous, Puzzle, Puzzle, General, Puzzle, General",4 Players Online,Generally unfavorable reviews,17,Mixed or average reviews,5
100,111705,DSI Games,https://www.metacritic.com/company/dsi-games,E,Next Wave Team,"Miscellaneous, Puzzle, Puzzle, General, General",,Generally unfavorable reviews,4,No user score yet,
101,109039,Conspiracy Entertainment,https://www.metacritic.com/company/conspiracy-entertainment,E,Compile Heart,"Miscellaneous, Puzzle, Puzzle, General, Puzzle, General",2 Players 2 Players Online,Mixed or average reviews,9,No user score yet,
102,111995,Microsoft Game Studios,https://www.metacritic.com/company/microsoft-game-studios,E,Slapdash Games,"Miscellaneous, Puzzle, Puzzle, General, General",2 Players Online,Mixed or average reviews,21,Mixed or average reviews,9
103,111942,Codemasters,https://www.metacritic.com/company/codemasters,E,Pompom Software,"Miscellaneous, Puzzle, Puzzle, General, General",2 Players Online,Generally unfavorable reviews,12,Mixed or average reviews,5
104,111527,Agetec,https://www.metacritic.com/company/agetec,E,"Irem, Agetec","Miscellaneous, Puzzle, Puzzle, General, Puzzle, General",8 Players Online Up to 8 Players,Mixed or average reviews,12,No user score yet,
105,110685,Void Star Creations,https://www.metacritic.com/company/void-star-creations,E,Void Star Creations,"Miscellaneous, Puzzle, Puzzle, General, General",5 Players Online,Generally favorable reviews,21,Generally favorable reviews,13
106,110916,"Atari, Atari SA",https://www.metacritic.com/company/atari,E10+,EKO Software,"Miscellaneous, Puzzle, Puzzle, General, Puzzle, General",No Online Multiplayer,Generally favorable reviews,14,Generally favorable reviews,4
107,111123,Hudson Entertainment,https://www.metacritic.com/company/hudson-entertainment,E,Hudson Soft,"Miscellaneous, Puzzle, Action, Puzzle, Puzzle, General, Action",8 Players Online,Mixed or average reviews,21,Mixed or average reviews,6
108,111309,Dejobaan Games,https://www.metacritic.com/company/dejobaan-games,,Dejobaan Games,"Miscellaneous, Puzzle, Puzzle, General, Puzzle, General",No Online Multiplayer,Mixed or average reviews,6,Mixed or average reviews,35
109,111252,Sierra Online,https://www.metacritic.com/company/sierra-online,E,Artech Studios,"Miscellaneous, Puzzle, Puzzle, General, Matching, General",2 Players Online,Mixed or average reviews,19,Mixed or average reviews,10
110,110527,"Atari, Atari SA",https://www.metacritic.com/company/atari,E,Atomic Planet Entertainment,"Miscellaneous, Puzzle, Puzzle, General, General",,Generally unfavorable reviews,14,Generally unfavorable reviews,12
111,110610,D3Publisher,https://www.metacritic.com/company/d3publisher,E10+,Vicious Cycle,"Miscellaneous, Puzzle, Puzzle, Puzzle, Matching, Matching",,Mixed or average reviews,17,Mixed or average reviews,5
112,112219,WildTangent,https://www.metacritic.com/company/wildtangent,E,Q Entertainment,"Miscellaneous, Puzzle, Puzzle, General, Puzzle, Matching, General",,Mixed or average reviews,4,Mixed or average reviews,25
113,109020,Nintendo,https://www.metacritic.com/company/nintendo,E,"Eighting, Tenyo","Miscellaneous, Puzzle, Puzzle, General, Puzzle, Application, General",No Online Multiplayer,Mixed or average reviews,20,No user score yet,
114,110925,MumboJumbo,https://www.metacritic.com/company/mumbojumbo,E,MumboJumbo,"Miscellaneous, Puzzle, Puzzle, General",,Mixed or average reviews,4,No user score yet,
115,111159,Destineer,https://www.metacritic.com/company/destineer,E,Magellan Interactive,"Miscellaneous, Puzzle, Puzzle, General, Puzzle, Logic, General",2 Players Online,Generally favorable reviews,9,Generally favorable reviews,9
116,111347,Activision,https://www.metacritic.com/company/activision,E,Backbone Entertainment,"Miscellaneous, Puzzle, Puzzle, General, General",,Generally unfavorable reviews,10,Mixed or average reviews,5
117,110687,D3,https://www.metacritic.com/company/d3,E10+,Infinite Interactive,"Miscellaneous, Puzzle, Puzzle, Matching",,Generally favorable reviews,11,Mixed or average reviews,6
118,110552,Sierra Online,https://www.metacritic.com/company/sierra-online,E,"Atomic Elbow, Atomic Elbow AB","Miscellaneous, Puzzle, Action, Puzzle, General, General",8 Players Online,Generally favorable reviews,25,Mixed or average reviews,11
119,110589,InterServ International,https://www.metacritic.com/company/interserv-international,E,InterServ International,"Miscellaneous, Puzzle, Puzzle, General, Logic, General",4 Players Online,Generally unfavorable reviews,16,No user score yet,
120,110723,Atlus,https://www.metacritic.com/company/atlus,E,"Yuke's, Yuke's Company of America","Miscellaneous, Puzzle, Puzzle, General, Puzzle, General",,Mixed or average reviews,26,No user score yet,
121,108437,Natsume,https://www.metacritic.com/company/natsume,E,Platinum Egg,"Miscellaneous, Puzzle, Puzzle, General, Puzzle, General",,Generally unfavorable reviews,5,Mixed or average reviews,6
122,107205,"DreamCatcher Interactive, Dreamcatcher",https://www.metacritic.com/company/dreamcatcher-interactive,T,Spike,"Simulation, Miscellaneous, Adventure, Puzzle, Puzzle, General, Puzzle, Virtual, Visual Novel, General, Career",,Mixed or average reviews,17,Generally favorable reviews,6
123,109575,MumboJumbo,https://www.metacritic.com/company/mumbojumbo,E,"Mac Play, MacPlay","Miscellaneous, Puzzle, Puzzle, General, General",No Online Multiplayer,Mixed or average reviews,10,No user score yet,
124,109492,Disney Interactive Studios,https://www.metacritic.com/company/disney-interactive-studios,E,Artificial Mind and Movement,"Miscellaneous, Puzzle, Puzzle, General",,Mixed or average reviews,8,No user score yet,
125,109493,Disney Interactive Studios,https://www.metacritic.com/company/disney-interactive-studios,E,Artificial Mind and Movement,"Action, Miscellaneous, Puzzle, Puzzle, Rhythm, General, Puzzle, General, Music",,Mixed or average reviews,4,Mixed or average reviews,6
126,110731,THQ,https://www.metacritic.com/company/thq,E,Helixe,"Miscellaneous, Puzzle, Puzzle, General, General",,Generally unfavorable reviews,6,No user score yet,
127,111082,Taito Corporation,https://www.metacritic.com/company/taito-corporation,E,Taito Corporation,"Miscellaneous, Puzzle, Puzzle, General, Puzzle, General",,Generally favorable reviews,12,Generally favorable reviews,7
128,110141,Crave,https://www.metacritic.com/company/crave,E10+,7 Studios,"Miscellaneous, Puzzle, Puzzle, General, Puzzle, Party / Minigame, General",,Generally unfavorable reviews,9,Mixed or average reviews,4
129,110729,Eidos Interactive,https://www.metacritic.com/company/eidos-interactive,E,Game Sauce,"Miscellaneous, Puzzle, Puzzle, General, Puzzle, General",2 Players Online,Mixed or average reviews,21,No user score yet,
130,110008,"Namco Bandai Games America, Namco Bandai Games",https://www.metacritic.com/company/namco-bandai-games-america,E,Now Production,"Miscellaneous, Puzzle, Puzzle, General, Puzzle, General",4 Players Online Up to 4 Players,Mixed or average reviews,52,Mixed or average reviews,45
131,109421,Ignition Entertainment,https://www.metacritic.com/company/ignition-entertainment,E,Ignition Entertainment,"Miscellaneous, Puzzle, Puzzle, General, Puzzle, General",No Online Multiplayer,Generally favorable reviews,41,Generally favorable reviews,21
132,110088,"Microsoft, D3Publisher",https://www.metacritic.com/company/microsoft,E10+,Infinite Interactive,"Miscellaneous, Puzzle, Puzzle, Puzzle, Matching, Matching",2 Players Online,Generally favorable reviews,29,Generally favorable reviews,41
133,108814,"GamersGate, D3Publisher",https://www.metacritic.com/company/gamersgate,E10+,Infinite Interactive,"Miscellaneous, Puzzle, Puzzle, Puzzle, Matching, Matching",,Generally favorable reviews,7,Generally favorable reviews,103
134,110588,"Tetris Online, Inc",https://www.metacritic.com/company/tetris-online-inc,E,,"Miscellaneous, Puzzle, Puzzle, Stacking, Stacking",6 Players Online,Mixed or average reviews,21,Generally favorable reviews,12
135,108153,"Atari, Atari SA",https://www.metacritic.com/company/atari,T,zSlide,"Miscellaneous, Puzzle, Puzzle, General, Puzzle, General",,Mixed or average reviews,35,Mixed or average reviews,8
136,109820,Crave,https://www.metacritic.com/company/crave,E,Crave,"Miscellaneous, Puzzle, Puzzle, General, General",,Mixed or average reviews,14,No user score yet,
137,110703,Eidos Interactive,https://www.metacritic.com/company/eidos-interactive,E,"Eidos Interactive, Strawdog Studios","Action, Miscellaneous, Puzzle, General, Puzzle, Puzzle, Matching, Matching",4 Players Online,Mixed or average reviews,13,Generally favorable reviews,6
138,111095,Activision Value,https://www.metacritic.com/company/activision-value,E,"iWin, Elephant Games","Miscellaneous, Puzzle, Puzzle, General, Puzzle, Matching, General",,Mixed or average reviews,4,No user score yet,
139,109832,MumboJumbo,https://www.metacritic.com/company/mumbojumbo,E,Hot Lava Games,"Miscellaneous, Puzzle, Puzzle, General, Matching, General",No Online Multiplayer,Mixed or average reviews,7,Generally favorable reviews,55
140,109989,Capcom,https://www.metacritic.com/company/capcom,E,Backbone Entertainment,"Miscellaneous, Puzzle, Puzzle, Puzzle, Matching, Matching",Up to 4 Players,Generally favorable reviews,7,Mixed or average reviews,14
141,109990,Capcom,https://www.metacritic.com/company/capcom,E,Backbone Entertainment,"Miscellaneous, Puzzle, Puzzle, Puzzle, Matching, Matching",,Generally favorable reviews,20,Generally favorable reviews,16
142,110834,SCEA,https://www.metacritic.com/company/scea,E,SCE Japan Studio,"Miscellaneous, Puzzle, Puzzle, General, Puzzle, Matching, General",,Mixed or average reviews,10,Mixed or average reviews,5
143,109289,Got Game Entertainment,https://www.metacritic.com/company/got-game-entertainment,E,Farmind Ltd,"Miscellaneous, Puzzle, Puzzle, General, Puzzle, General",,Mixed or average reviews,10,Mixed or average reviews,4
144,108697,Eidos Interactive,https://www.metacritic.com/company/eidos-interactive,E,"Climax Group, PlayFirst, Climax Studios","Miscellaneous, Puzzle, Action, Puzzle, General, Puzzle, General, Action",2 Players Online,Mixed or average reviews,17,Mixed or average reviews,6
145,108696,Eidos Interactive,https://www.metacritic.com/company/eidos-interactive,E,"PlayFirst, GameLab","Miscellaneous, Puzzle, Action, Puzzle, General, Puzzle, General",2 Players 2 Players Online,Mixed or average reviews,14,No user score yet,
146,109680,SCEA,https://www.metacritic.com/company/scea,E,Sumo Digital,"Miscellaneous, Puzzle, Puzzle, General, Puzzle, General",,Generally unfavorable reviews,13,Mixed or average reviews,27
147,109842,MumboJumbo,https://www.metacritic.com/company/mumbojumbo,E,"MumboJumbo, Hot Lava Games","Miscellaneous, Puzzle, Puzzle, General, Puzzle, Matching, General",No Online Multiplayer,Mixed or average reviews,10,Mixed or average reviews,4
148,109006,"Majesco Games, Majesco",https://www.metacritic.com/company/majesco-games,E,Digital Embryo,"Miscellaneous, Puzzle, Puzzle, General, Puzzle, General",No Online Multiplayer,Mixed or average reviews,23,Mixed or average reviews,7
149,109556,"Namco Bandai Games America, Namco Bandai Games",https://www.metacritic.com/company/namco-bandai-games-america,E10+,Namco,"Miscellaneous, Puzzle, Puzzle, Hidden Object, General, Puzzle, General",4 Players Online,Mixed or average reviews,18,No user score yet,
150,108657,Eidos Interactive,https://www.metacritic.com/company/eidos-interactive,E,Empire Interactive,"Miscellaneous, Puzzle, Puzzle, Puzzle, Logic, Logic",2 Players,Mixed or average reviews,18,No user score yet,
151,109956,PopCap,https://www.metacritic.com/company/popcap,E,PopCap,"Miscellaneous, Puzzle, Action, Puzzle, Puzzle, Action",No Online Multiplayer,Generally favorable reviews,9,Generally favorable reviews,164
152,108751,Eidos Interactive,https://www.metacritic.com/company/eidos-interactive,E,Atomic Planet Entertainment,"Miscellaneous, Puzzle, Puzzle, Logic",,Generally favorable reviews,4,No user score yet,
153,108185,"Buena Vista Games, Disney Interactive Studios",https://www.metacritic.com/company/buena-vista-games,E,Q Entertainment,"Miscellaneous, Puzzle, Puzzle, Puzzle, Matching, Matching",,Mixed or average reviews,36,Mixed or average reviews,5
154,108536,"Namco Bandai Games America, Namco Bandai Games",https://www.metacritic.com/company/namco-bandai-games-america,E,Bandai Namco Games,"Miscellaneous, Puzzle, Puzzle, General, Puzzle, General",,Mixed or average reviews,27,No user score yet,
155,110989,"Tri Synergy, Merscom LLC, Big Fish Games",https://www.metacritic.com/company/tri-synergy,T,Tri Synergy,"Miscellaneous, Puzzle, Puzzle, General, General",,Mixed or average reviews,4,No user score yet,
156,109374,PopCap,https://www.metacritic.com/company/popcap,E10+,PopCap,"Miscellaneous, Puzzle, Puzzle, General, Puzzle, Logic, General",No Online Multiplayer,Generally favorable reviews,7,Generally favorable reviews,28
157,109197,SCEE,https://www.metacritic.com/company/scee,E,Team17,"Miscellaneous, Puzzle, Action, Puzzle, Puzzle, Action",,Mixed or average reviews,8,Mixed or average reviews,16
158,109198,SCEA,https://www.metacritic.com/company/scea,E,Sumo Digital,"Miscellaneous, Puzzle, Puzzle, Puzzle, Logic, Logic",4 Players Online,Mixed or average reviews,4,No user score yet,
159,109053,Ignition Entertainment,https://www.metacritic.com/company/ignition-entertainment,E,Ignition Entertainment,"Miscellaneous, Puzzle, Puzzle, General",,Mixed or average reviews,22,No user score yet,
160,107764,"Majesco Games, Majesco",https://www.metacritic.com/company/majesco-games,E,Taito Corporation,"Miscellaneous, Puzzle, Puzzle, General, General",,Mixed or average reviews,6,No user score yet,
161,109191,MumboJumbo,https://www.metacritic.com/company/mumbojumbo,E,MumboJumbo,"Miscellaneous, Puzzle, Puzzle, General, Puzzle, General",No Online Multiplayer,Mixed or average reviews,16,Mixed or average reviews,4
162,108718,Namco Bandai Games,https://www.metacritic.com/company/namco-bandai-games,E10+,Q Entertainment,"Miscellaneous, Puzzle, Puzzle, General, Puzzle, General",2 Players,Mixed or average reviews,24,Generally unfavorable reviews,4
163,108183,Buena Vista Games,https://www.metacritic.com/company/buena-vista-games,E10+,Q Entertainment,"Miscellaneous, Puzzle, Puzzle, General, Puzzle, Matching, General",2 Players,Generally favorable reviews,46,Generally favorable reviews,19
164,108381,Q Entertainment,https://www.metacritic.com/company/q-entertainment,E,Q Entertainment,"Miscellaneous, Puzzle, Puzzle, General, Puzzle, Matching, General",2 Players Online,Generally favorable reviews,24,Generally favorable reviews,14
165,107095,D3Publisher,https://www.metacritic.com/company/d3publisher,T,SCEJ,"Miscellaneous, Puzzle, Puzzle, General, Puzzle, Party / Minigame, General",Up to 8 Players,Mixed or average reviews,23,Generally favorable reviews,8
166,107833,Ignition Entertainment,https://www.metacritic.com/company/ignition-entertainment,E,Ignition Entertainment,"Miscellaneous, Puzzle, Puzzle, General, Puzzle, General",2 Players,Generally favorable reviews,36,Generally favorable reviews,11
167,105684,Konami,https://www.metacritic.com/company/konami,E,Hudson,"Miscellaneous, Puzzle, Action, Puzzle, Puzzle, General, Action",Up to 4 Players,Mixed or average reviews,30,Generally favorable reviews,16
168,107835,Tri Synergy,https://www.metacritic.com/company/tri-synergy,E,Flashbang Studios,"Miscellaneous, Puzzle, Puzzle, General, General",,Mixed or average reviews,6,No user score yet,
169,108142,The Adventure Company,https://www.metacritic.com/company/the-adventure-company,E,Kheops Studio,"Miscellaneous, Adventure, Puzzle, Puzzle, General, Puzzle, Point-and-Click, General",No Online Multiplayer,Mixed or average reviews,16,Mixed or average reviews,25
170,108094,UFO Interactive,https://www.metacritic.com/company/ufo-interactive,E,FrontLine Studios,"Miscellaneous, Puzzle, Puzzle, Logic, Logic",,Generally unfavorable reviews,4,Generally unfavorable reviews,4
171,113450,SouthPeak Games,https://www.metacritic.com/company/southpeak-games,E,SpiderMonk,"Miscellaneous, Puzzle, Puzzle, General, General",,Mixed or average reviews,13,No user score yet,
172,107364,Hudson Entertainment,https://www.metacritic.com/company/hudson-entertainment,E,Hudson,"Miscellaneous, Puzzle, Puzzle, General, Puzzle, General",8 Players Online,Generally favorable reviews,14,Generally favorable reviews,34
173,114510,Abylight,https://www.metacritic.com/company/abylight,E,Abylight,"Miscellaneous, Puzzle, Action, Puzzle, Puzzle, Action",,Mixed or average reviews,5,Mixed or average reviews,4
174,113360,SCEA,https://www.metacritic.com/company/scea,E,SCEJ,"Miscellaneous, Puzzle, Puzzle, General, Puzzle, General",,Mixed or average reviews,27,Mixed or average reviews,17
175,114968,Square Enix,https://www.metacritic.com/company/square-enix,E,Square Enix,"Miscellaneous, Puzzle, Puzzle, General, Matching, General",2 Players 2 Players Online,Mixed or average reviews,9,No user score yet,
176,114189,Gastronaut Studios,https://www.metacritic.com/company/gastronaut-studios,E,Gastronaut Studios,"Miscellaneous, Puzzle, Action, Puzzle, Puzzle, Action",4 Players Online,Mixed or average reviews,9,No user score yet,
177,122137,"ADEPT Games, LLC",https://www.metacritic.com/company/adept-games-llc,,Adept Games,"Miscellaneous, Puzzle, Puzzle, General",,Generally favorable reviews,4,No user score yet,
178,113983,Electronic Arts,https://www.metacritic.com/company/electronic-arts,E,EA LA,"Miscellaneous, Puzzle, Puzzle, General, Puzzle, General",,Generally favorable reviews,48,Generally favorable reviews,45
179,112885,Zoo Games,https://www.metacritic.com/company/zoo-games,E,Infinite Interactive,"Miscellaneous, Puzzle, Puzzle, General, Puzzle, Matching, General",No Online Multiplayer,Mixed or average reviews,11,No user score yet,
180,113974,Nintendo,https://www.metacritic.com/company/nintendo,E,Nintendo,"Miscellaneous, Puzzle, Puzzle, Puzzle, Matching, Matching",,Generally favorable reviews,9,Generally favorable reviews,13
181,114463,D3Publisher,https://www.metacritic.com/company/d3publisher,E10+,Infinite Interactive,"Miscellaneous, Puzzle, Puzzle, Puzzle, Matching, Matching",2 Players Online,Mixed or average reviews,13,No user score yet,
182,112887,Zoo Games,https://www.metacritic.com/company/zoo-games,E10+,Infinite Interactive,"Miscellaneous, Puzzle, Puzzle, General, Puzzle, Matching, General",,Mixed or average reviews,12,Mixed or average reviews,4
183,113806,Nintendo,https://www.metacritic.com/company/nintendo,E,Nintendo,"Miscellaneous, Puzzle, Puzzle, General, Puzzle, General",,Mixed or average reviews,6,Mixed or average reviews,6
184,114059,Atlus,https://www.metacritic.com/company/atlus,E,Nordcurrent,"Miscellaneous, Puzzle, Action, Puzzle, Party / Minigame, Action",,Generally unfavorable reviews,13,No user score yet,
185,113803,Nintendo,https://www.metacritic.com/company/nintendo,E,"Arika, Nintendo","Miscellaneous, Puzzle, Puzzle, General, Puzzle, Matching, General",,Generally favorable reviews,7,Mixed or average reviews,9
186,114605,Lazy 8 Studios,https://www.metacritic.com/company/lazy-8-studios,E,Lazy 8 Studios,"Miscellaneous, Puzzle, Puzzle, General, Puzzle, General",No Online Multiplayer,Mixed or average reviews,13,Mixed or average reviews,70
187,112699,Capcom,https://www.metacritic.com/company/capcom,E,Proper Games,"Miscellaneous, Puzzle, Action, Puzzle, General, General",,Mixed or average reviews,16,No user score yet,
188,112698,Capcom,https://www.metacritic.com/company/capcom,E,Proper Games,"Miscellaneous, Puzzle, Action, Puzzle, General, General",No Online Multiplayer,Mixed or average reviews,30,Mixed or average reviews,7
189,110783,D3Publisher,https://www.metacritic.com/company/d3publisher,E10+,Infinite Interactive,"Miscellaneous, Puzzle, Puzzle, Puzzle, Matching, Matching",2 Players Online,Generally favorable reviews,27,Generally favorable reviews,5
190,112700,Capcom,https://www.metacritic.com/company/capcom,E,Proper Games,"Miscellaneous, Puzzle, Action, Puzzle, General, Puzzle, General",2 Players No Online Multiplayer,Mixed or average reviews,13,Generally unfavorable reviews,11
191,113771,DK Games,https://www.metacritic.com/company/dk-games,E,DK Games,"Miscellaneous, Puzzle, Puzzle, General, Puzzle, General",,Mixed or average reviews,5,No user score yet,
192,112824,Deep Silver,https://www.metacritic.com/company/deep-silver,E,Deep Silver,"Miscellaneous, Puzzle, Action, Puzzle, General, General",,Mixed or average reviews,9,No user score yet,
193,112825,Deep Silver,https://www.metacritic.com/company/deep-silver,E,Deep Silver,"Miscellaneous, Puzzle, Action, Puzzle, General, General",,Mixed or average reviews,12,Generally favorable reviews,7
194,113800,Nintendo,https://www.metacritic.com/company/nintendo,E,Skip Ltd.,"Miscellaneous, Puzzle, Puzzle, General, Puzzle, General",,Mixed or average reviews,16,Mixed or average reviews,7
195,114409,Nintendo,https://www.metacritic.com/company/nintendo,E,Intelligent Systems,"Miscellaneous, Puzzle, Puzzle, General, Puzzle, Party / Minigame, General",,Mixed or average reviews,18,Generally unfavorable reviews,16
196,113294,"Majesco Games, Majesco",https://www.metacritic.com/company/majesco-games,E,Taito Corporation,"Simulation, Miscellaneous, Puzzle, Puzzle, General, Puzzle, Virtual, General, Career",,Mixed or average reviews,17,Mixed or average reviews,5
197,113930,Hudson Entertainment,https://www.metacritic.com/company/hudson-entertainment,E,Hudson Entertainment,"Miscellaneous, Puzzle, Puzzle, Puzzle, Matching, Matching",,Mixed or average reviews,4,No user score yet,
198,113303,Konami,https://www.metacritic.com/company/konami,E,Hudson Entertainment,"Miscellaneous, Puzzle, Action, Puzzle, Puzzle, Action",4 Players Online,Mixed or average reviews,16,Generally favorable reviews,8
199,113425,PopCap,https://www.metacritic.com/company/popcap,E,PopCap,"Miscellaneous, Puzzle, Action, Puzzle, Puzzle, Action",4 Players Online Up to 4 Players,Generally favorable reviews,32,Generally favorable reviews,91
200,111036,Ignition Entertainment,https://www.metacritic.com/company/ignition-entertainment,E,Suzak,"Miscellaneous, Puzzle, Puzzle, General, Puzzle, General",,Mixed or average reviews,34,No user score yet,
201,111739,PopCap,https://www.metacritic.com/company/popcap,E,Q Entertainment,"Miscellaneous, Puzzle, Action, Puzzle, Puzzle, Action",,Generally favorable reviews,17,Generally favorable reviews,25
202,114190,Taito Corporation,https://www.metacritic.com/company/taito-corporation,E,Taito Corporation,"Miscellaneous, Puzzle, Action, Puzzle, Action",,Mixed or average reviews,13,No user score yet,
203,110781,D3Publisher,https://www.metacritic.com/company/d3publisher,E10+,Infinite Interactive,"Miscellaneous, Puzzle, Puzzle, Puzzle, Matching, Matching",2 Players Online,Mixed or average reviews,31,Mixed or average reviews,31
204,110782,D3Publisher,https://www.metacritic.com/company/d3publisher,E10+,Infinite Interactive,"Miscellaneous, Puzzle, Puzzle, Puzzle, Matching, Matching",,Generally favorable reviews,33,Mixed or average reviews,8
205,113987,Oberon Media,https://www.metacritic.com/company/oberon-media,E,PopCap,"Miscellaneous, Puzzle, Puzzle, General, Puzzle, Matching, General",,Generally favorable reviews,6,Generally unfavorable reviews,13
206,112936,"Microsoft Game Studios, Tik Games, LLC",https://www.metacritic.com/company/microsoft-game-studios,E,"Tik Games, LLC, TikGames","Miscellaneous, Puzzle, Puzzle, General, Logic, General",4 Players Online Up to 4 Players,Mixed or average reviews,13,No user score yet,
207,113627,WayForward,https://www.metacritic.com/company/wayforward,E10+,WayForward,"Miscellaneous, Puzzle, Action, Puzzle, Puzzle, Action",,Mixed or average reviews,20,Generally favorable reviews,8
208,112106,Nintendo,https://www.metacritic.com/company/nintendo,E,Genki,"Miscellaneous, Puzzle, Puzzle, General, Puzzle, General",,Mixed or average reviews,4,No user score yet,
209,113890,PopCap,https://www.metacritic.com/company/popcap,E,PopCap,"Miscellaneous, Puzzle, Puzzle, Puzzle, Matching, Matching",,Mixed or average reviews,10,Mixed or average reviews,11
210,113971,Microsoft Game Studios,https://www.metacritic.com/company/microsoft-game-studios,E,FunTown World Limited,"Miscellaneous, Puzzle, Puzzle, Puzzle, Matching, Board / Card Game, Matching",4 Players Online,Generally unfavorable reviews,7,No user score yet,
211,113553,"Creat Studios, Tik Games, LLC, TikGames",https://www.metacritic.com/company/creat-studios,E,Creat Studios,"Miscellaneous, Puzzle, Puzzle, General, Puzzle, Board / Card Game, General",2 Players 2 Players Online,Generally unfavorable reviews,9,Mixed or average reviews,7
212,113554,"Creat Studios, Tik Games, LLC, TikGames",https://www.metacritic.com/company/creat-studios,E,Creat Studios,"Miscellaneous, Puzzle, Puzzle, General, Puzzle, General",,Generally favorable reviews,13,Generally favorable reviews,18
213,112550,Microsoft Game Studios,https://www.metacritic.com/company/microsoft-game-studios,E,"Tik Games, LLC, TikGames","Miscellaneous, Puzzle, Puzzle, Hidden Object, General, Puzzle, General",4 Players Online,Generally unfavorable reviews,28,Generally unfavorable reviews,4
214,113864,Petri Purho,https://www.metacritic.com/company/petri-purho,E,Petri Purho,"Miscellaneous, Puzzle, Puzzle, General, Puzzle, General",No Online Multiplayer,Generally favorable reviews,15,Generally favorable reviews,96
215,112360,Nintendo,https://www.metacritic.com/company/nintendo,E,Mindware,"Miscellaneous, Puzzle, Action, Puzzle, Puzzle, Action",No Online Multiplayer,Generally favorable reviews,8,Generally favorable reviews,14
216,112924,Eidos Interactive,https://www.metacritic.com/company/eidos-interactive,E,Ctxm/Say Design,"Miscellaneous, Puzzle, Puzzle, General, General",4 Players Online,Generally unfavorable reviews,8,Generally favorable reviews,13
217,113121,Q Entertainment,https://www.metacritic.com/company/q-entertainment,E,Q Entertainment,"Miscellaneous, Puzzle, Puzzle, Puzzle, Matching, Matching",,Generally favorable reviews,16,Generally favorable reviews,7
218,112448,Capcom,https://www.metacritic.com/company/capcom,E,Infinite Interactive,"Miscellaneous, Puzzle, Puzzle, General, Puzzle, General",No Online Multiplayer,Mixed or average reviews,11,No user score yet,
219,113071,Q Entertainment,https://www.metacritic.com/company/q-entertainment,E,Q Entertainment,"Miscellaneous, Puzzle, Puzzle, General, General",2 Players Online,Mixed or average reviews,19,Mixed or average reviews,4
220,112610,The Adventure Company,https://www.metacritic.com/company/the-adventure-company,E,Kheops Studio,"Miscellaneous, Adventure, Puzzle, Puzzle, General, Puzzle, Point-and-Click, General",No Online Multiplayer,Mixed or average reviews,7,Mixed or average reviews,5
221,113537,Pieces Interactive,https://www.metacritic.com/company/pieces-interactive,,Pieces Interactive,"Miscellaneous, Puzzle, Action, Puzzle, Action",,Mixed or average reviews,11,Mixed or average reviews,8
222,112684,D3Publisher,https://www.metacritic.com/company/d3publisher,E,Cerasus Media,"Miscellaneous, Puzzle, Puzzle, Puzzle, Matching, General, Matching",,Mixed or average reviews,20,No user score yet,
223,112449,Capcom,https://www.metacritic.com/company/capcom,E,Infinite Interactive,"Miscellaneous, Puzzle, Puzzle, General, Puzzle, General",2 Players Online,Mixed or average reviews,12,No user score yet,
224,113229,"RealNetworks, MumboJumbo",https://www.metacritic.com/company/realnetworks,E,"Pronto Games, Paprikari","Miscellaneous, Puzzle, Puzzle, Hidden Object, Puzzle, General",,Mixed or average reviews,4,No user score yet,
225,113252,Capcom,https://www.metacritic.com/company/capcom,E10+,Engine Software,"Miscellaneous, Puzzle, Puzzle, General, Puzzle, General",,Mixed or average reviews,4,No user score yet,
226,112211,The Game Factory,https://www.metacritic.com/company/the-game-factory,E,Two Tribes,"Miscellaneous, Puzzle, Puzzle, General, General",,Mixed or average reviews,9,No user score yet,
227,112210,The Game Factory,https://www.metacritic.com/company/the-game-factory,E,Two Tribes,"Miscellaneous, Puzzle, Puzzle, General, General",,Mixed or average reviews,8,No user score yet,
228,112120,The Game Factory,https://www.metacritic.com/company/the-game-factory,E,Shin'en,"Miscellaneous, Puzzle, Puzzle, General, Puzzle, General",,Mixed or average reviews,5,No user score yet,
229,112121,The Game Factory,https://www.metacritic.com/company/the-game-factory,E,Shin'en,"Miscellaneous, Puzzle, Puzzle, General, Puzzle, General",,Mixed or average reviews,4,No user score yet,
230,113428,Nintendo,https://www.metacritic.com/company/nintendo,E,Nintendo,"Miscellaneous, Puzzle, Puzzle, General, Puzzle, General",,Mixed or average reviews,7,No user score yet,
231,113451,PopCap,https://www.metacritic.com/company/popcap,E,PopCap,"Miscellaneous, Puzzle, Puzzle, Puzzle, Matching, Matching",No Online Multiplayer,Generally favorable reviews,12,Generally favorable reviews,21
232,112691,Midway,https://www.metacritic.com/company/midway,E,Midway Studios - San Diego,"Miscellaneous, Puzzle, Puzzle, General, General",,Generally favorable reviews,8,No user score yet,
233,112704,Midway,https://www.metacritic.com/company/midway,E,Most Wanted Entertainment,"Miscellaneous, Puzzle, Puzzle, General, Puzzle, General",,Generally favorable reviews,9,No user score yet,
234,112358,"Tetris Online, Inc",https://www.metacritic.com/company/tetris-online-inc,E,Hudson Soft,"Miscellaneous, Puzzle, Puzzle, Puzzle, Stacking, Stacking",,Generally favorable reviews,9,Generally favorable reviews,22
235,113397,"Digital Leisure Inc., Digital Leisure",https://www.metacritic.com/company/digital-leisure-inc,E,"Digital Leisure Inc., Digital Leisure","Miscellaneous, Puzzle, Action, Puzzle, Puzzle, Action",,Generally unfavorable reviews,6,No user score yet,
236,113385,Nintendo,https://www.metacritic.com/company/nintendo,E,Nintendo,"Miscellaneous, Puzzle, Puzzle, General, Puzzle, General",,Mixed or average reviews,11,Generally favorable reviews,9
237,112119,2D Boy,https://www.metacritic.com/company/2d-boy,E,2D Boy,"Miscellaneous, Puzzle, Action, Puzzle, General, Puzzle, General",,Universal acclaim,21,Generally favorable reviews,402
238,113295,"Take-Two Interactive, 2D Boy",https://www.metacritic.com/company/take-two-interactive,E,2D Boy,"Miscellaneous, Puzzle, Action, Puzzle, General, Puzzle, General",No Online Multiplayer,Universal acclaim,26,Generally favorable reviews,767
239,109443,"Genius Products, Inc.",https://www.metacritic.com/company/genius-products-inc,E,InXile Entertainment,"Miscellaneous, Puzzle, Puzzle, General, Puzzle, General",No Online Multiplayer,Mixed or average reviews,12,Mixed or average reviews,5
240,112531,Koei,https://www.metacritic.com/company/koei,E,Koei,"Strategy, Miscellaneous, Puzzle, Breeding/Constructing, General, Breeding/Constructing, General",,Mixed or average reviews,5,No user score yet,
241,113292,Nintendo,https://www.metacritic.com/company/nintendo,E,Nintendo,"Miscellaneous, Puzzle, Puzzle, General, Puzzle, General",,Generally favorable reviews,11,Generally favorable reviews,12
242,111933,Empire Interactive,https://www.metacritic.com/company/empire-interactive,E,Razorworks,"Miscellaneous, Puzzle, Action, Puzzle, General, Puzzle, General",No Online Multiplayer,Mixed or average reviews,13,No user score yet,
243,111934,Empire Interactive,https://www.metacritic.com/company/empire-interactive,E,Razorworks Studios,"Miscellaneous, Puzzle, General",,Mixed or average reviews,4,No user score yet,
244,111935,Empire Interactive,https://www.metacritic.com/company/empire-interactive,E,Empire Interactive,"Miscellaneous, Puzzle, Action, Puzzle, General, Puzzle, General",,Mixed or average reviews,6,No user score yet,
245,113289,Pinnacle,https://www.metacritic.com/company/pinnacle,E,"Strawdog Studios, Pinnacle","Miscellaneous, Puzzle, Puzzle, Puzzle, Matching, Matching",4 Players Online,Mixed or average reviews,6,No user score yet,
246,111939,InXile Entertainment,https://www.metacritic.com/company/inxile-entertainment,E,InXile Entertainment,"Miscellaneous, Puzzle, Puzzle, General, Puzzle, General",,Mixed or average reviews,6,Mixed or average reviews,5
247,113178,Bplus,https://www.metacritic.com/company/bplus,E,Bplus,"Miscellaneous, Puzzle, Puzzle, Puzzle, Logic, Logic",,Mixed or average reviews,5,Mixed or average reviews,25
248,111091,THQ,https://www.metacritic.com/company/thq,E,Mikoishi,"Miscellaneous, Puzzle, Puzzle, General, Puzzle, General",4 Players Online,Mixed or average reviews,4,No user score yet,
249,110587,PopCap,https://www.metacritic.com/company/popcap,E,Gastronaut Studios,"Miscellaneous, Puzzle, Puzzle, General, Puzzle, General",No Online Multiplayer,Mixed or average reviews,10,Generally favorable reviews,9
250,113192,PopCap,https://www.metacritic.com/company/popcap,E,PopCap,"Miscellaneous, Puzzle, Action, Puzzle, Puzzle, Action",No Online Multiplayer,Generally favorable reviews,15,Mixed or average reviews,39
251,109442,"Genius Products, Inc.",https://www.metacritic.com/company/genius-products-inc,E,InXile Entertainment,"Miscellaneous, Puzzle, Puzzle, General, Puzzle, Action",,Mixed or average reviews,23,Mixed or average reviews,5
252,113180,Abstraction Games,https://www.metacritic.com/company/abstraction-games,E,Abstraction Games,"Miscellaneous, Puzzle, Action, Puzzle, Puzzle, Action",,Mixed or average reviews,6,No user score yet,
253,112127,"Namco Bandai Games America, Namco Bandai Games",https://www.metacritic.com/company/namco-bandai-games-america,E,h.a.n.d. Inc.,"Miscellaneous, Puzzle, Puzzle, General, Puzzle, General",,Mixed or average reviews,6,Generally favorable reviews,15
254,110113,Sega,https://www.metacritic.com/company/sega,E,"Sega, Skonec","Miscellaneous, Puzzle, Puzzle, General, Puzzle, General",No Online Multiplayer,Mixed or average reviews,11,No user score yet,
255,111371,Agetec,https://www.metacritic.com/company/agetec,E,Ivolgamus,"Miscellaneous, Puzzle, Action, Puzzle, General, Puzzle, General",No Online Multiplayer,Mixed or average reviews,13,Mixed or average reviews,4
256,124948,Gamerizon,https://www.metacritic.com/company/gamerizon,,Gamerizon,"Miscellaneous, Puzzle, Action, Puzzle, Puzzle, Action",No Online Multiplayer,Mixed or average reviews,4,Mixed or average reviews,15
257,112670,Zoo Games,https://www.metacritic.com/company/zoo-games,E,Sarbakan Inc.,"Miscellaneous, Puzzle, Puzzle, General, Puzzle, Logic, General",,Mixed or average reviews,5,No user score yet,
258,112440,Zoo Digital Publishing,https://www.metacritic.com/company/zoo-digital-publishing,E,Route 1 Games,"Miscellaneous, Puzzle, Puzzle, General, Logic, General",,Mixed or average reviews,5,Mixed or average reviews,4
259,112719,Konami,https://www.metacritic.com/company/konami,E,"Voltex, Inc.","Miscellaneous, Puzzle, Puzzle, General, Puzzle, Logic, General",2 Players Online,Generally unfavorable reviews,8,Generally unfavorable reviews,7
260,112198,Nintendo,https://www.metacritic.com/company/nintendo,E,Mitchell,"Miscellaneous, Puzzle, Puzzle, General, Puzzle, Matching, General",,Mixed or average reviews,10,Generally favorable reviews,5
261,111759,SouthPeak Games,https://www.metacritic.com/company/southpeak-games,E,SouthPeak Games,"Miscellaneous, Puzzle, Puzzle, General, Puzzle, General",,Mixed or average reviews,7,Mixed or average reviews,21
262,111587,"Majesco Games, Majesco",https://www.metacritic.com/company/majesco-games,E,Digital Embryo,"Miscellaneous, Puzzle, Puzzle, General, Puzzle, General",No Online Multiplayer,Mixed or average reviews,6,No user score yet,
263,109325,"Viva Media, Viva Media, LLC",https://www.metacritic.com/company/viva-media,E,FAKT Software,"Miscellaneous, Puzzle, Action, Puzzle, Puzzle, Logic, General",No Online Multiplayer,Mixed or average reviews,12,Mixed or average reviews,25
264,111758,SouthPeak Games,https://www.metacritic.com/company/southpeak-games,E,SpiderMonk,"Miscellaneous, Puzzle, Puzzle, General, General",2 Players Online,Generally favorable reviews,24,Mixed or average reviews,12
265,112110,Two Tribes,https://www.metacritic.com/company/two-tribes,E,Two Tribes,"Miscellaneous, Puzzle, Action, Puzzle, General, Puzzle, General",,Generally favorable reviews,20,Generally favorable reviews,28
266,110586,Microsoft Game Studios,https://www.metacritic.com/company/microsoft-game-studios,E,"Absolutist Ltd, Absolutist","Miscellaneous, Puzzle, Puzzle, Puzzle, Logic, Logic",8 Players Online,Mixed or average reviews,19,No user score yet,
267,111251,Nintendo,https://www.metacritic.com/company/nintendo,E,"Arika, Nintendo","Miscellaneous, Puzzle, Puzzle, Puzzle, Matching, Matching",4 Players Online,Mixed or average reviews,18,Generally favorable reviews,20
268,112328,Konami,https://www.metacritic.com/company/konami,E,Epicenter Studios,"Miscellaneous, Puzzle, Puzzle, General, Puzzle, General",4 Players Online,Mixed or average reviews,8,Generally favorable reviews,10
269,111274,Nnooo,https://www.metacritic.com/company/nnooo,E,Nnooo,"Miscellaneous, Puzzle, Puzzle, General, Puzzle, General",,Mixed or average reviews,13,No user score yet,
270,110576,Electronic Arts,https://www.metacritic.com/company/electronic-arts,E,EA LA,"Miscellaneous, Puzzle, Puzzle, General, Puzzle, General",,Generally favorable reviews,61,Generally favorable reviews,124
271,142836,Nintendo,https://www.metacritic.com/company/nintendo,E,HAL Labs,"Miscellaneous, Puzzle, Puzzle, Puzzle, Logic, Logic",,Generally favorable reviews,35,Generally favorable reviews,44
272,114553,Konami,https://www.metacritic.com/company/konami,E10+,Infinite Interactive,"Miscellaneous, Puzzle, Action, Puzzle, Puzzle, Action",,Mixed or average reviews,11,No user score yet,
273,112889,2K Games,https://www.metacritic.com/company/2k-games,E,The Odd Gentlemen,"Miscellaneous, Puzzle, Puzzle, General, Puzzle, General",No Online Multiplayer,Generally favorable reviews,12,Generally favorable reviews,63
274,146785,"Namco Bandai Games America, Namco Bandai Games",https://www.metacritic.com/company/namco-bandai-games-america,E,"Namco Bandai Games America, Namco Bandai Games","Miscellaneous, Puzzle, Action, Puzzle, Puzzle, General, Action",,Mixed or average reviews,5,No user score yet,
275,146834,"Secret Exit Ltd., Secret Exit",https://www.metacritic.com/company/secret-exit-ltd,,"Secret Exit Ltd., Secret Exit","Miscellaneous, Puzzle, Puzzle, General, Puzzle, Logic, Logic",,Generally favorable reviews,6,Mixed or average reviews,4
276,147736,PopCap,https://www.metacritic.com/company/popcap,,PopCap,"Strategy, Miscellaneous, Real-Time, Puzzle, Puzzle, General, Fantasy",,Universal acclaim,4,Generally favorable reviews,46
277,134660,Sabarasa Entertainment,https://www.metacritic.com/company/sabarasa-entertainment,E,Sabarasa Entertainment,"Miscellaneous, Puzzle, Puzzle, General, Puzzle, General",,Mixed or average reviews,9,Generally favorable reviews,11
278,145718,Mastertronic,https://www.metacritic.com/company/mastertronic,E,AirPlay,"Miscellaneous, Puzzle, Puzzle, Puzzle, Logic, Logic",,Mixed or average reviews,5,No user score yet,
279,114672,Hudson,https://www.metacritic.com/company/hudson,E,Hudson,"Miscellaneous, Puzzle, Action, Puzzle, General, Puzzle, General",,Mixed or average reviews,5,No user score yet,
280,125860,Hudson Entertainment,https://www.metacritic.com/company/hudson-entertainment,E,HandMade Game,"Miscellaneous, Puzzle, Puzzle, General, Puzzle, General",,Mixed or average reviews,23,No user score yet,
281,125861,Hudson Entertainment,https://www.metacritic.com/company/hudson-entertainment,E,Hudson Entertainment,"Miscellaneous, Puzzle, Puzzle, General, Puzzle, General",,Mixed or average reviews,8,No user score yet,
282,126351,Beatshapers,https://www.metacritic.com/company/beatshapers,E,Beatshapers,"Miscellaneous, Puzzle, Puzzle, General, Puzzle, General",,Mixed or average reviews,10,Mixed or average reviews,15
283,142973,THQ Wireless,https://www.metacritic.com/company/thq-wireless,,THQ Wireless,"Miscellaneous, Puzzle, Puzzle, General, Puzzle, General",,Mixed or average reviews,5,No user score yet,
284,115193,SCEA,https://www.metacritic.com/company/scea,E,"Artoon, SCEJ","Miscellaneous, Puzzle, Action, Puzzle, Puzzle, Logic, Logic",,Generally favorable reviews,29,Generally favorable reviews,15
285,135703,Xform,https://www.metacritic.com/company/xform,E,Goodbye Galaxy Games,"Miscellaneous, Puzzle, Puzzle, General, Puzzle, General",,Mixed or average reviews,6,No user score yet,
286,146279,Nonverbal,https://www.metacritic.com/company/nonverbal,,Nonverbal,"Miscellaneous, Puzzle, Puzzle, General",,Mixed or average reviews,4,No user score yet,
287,124915,2K Play,https://www.metacritic.com/company/2k-play,E,The Odd Gentlemen,"Miscellaneous, Puzzle, Puzzle, General, Puzzle, General",,Generally favorable reviews,50,Generally favorable reviews,239
288,136281,Virtual Toys,https://www.metacritic.com/company/virtual-toys,E,Virtual Toys,"Miscellaneous, Puzzle, Puzzle, General, General",,Mixed or average reviews,4,No user score yet,
289,136283,PopCap,https://www.metacritic.com/company/popcap,,PopCap,"Strategy, Miscellaneous, Real-Time, General, Puzzle, Puzzle, General, General, Fantasy, Defense",,Universal acclaim,14,Generally favorable reviews,126
290,129472,Shin'en,https://www.metacritic.com/company/shinen,E,Shin'en,"Miscellaneous, Puzzle, Puzzle, General, Puzzle, General",,Generally favorable reviews,10,Generally favorable reviews,15
291,135697,Hands-On Mobile,https://www.metacritic.com/company/hands-on-mobile,E,Hands-On Mobile,"Miscellaneous, Puzzle, Action, Puzzle, Puzzle, Action",,Generally unfavorable reviews,5,Generally unfavorable reviews,8
292,129467,Nintendo,https://www.metacritic.com/company/nintendo,E,Intelligent Systems,"Miscellaneous, Puzzle, Puzzle, General, Puzzle, General",,Mixed or average reviews,6,No user score yet,
293,127583,Storm City Games,https://www.metacritic.com/company/storm-city-games,E,Storm City Games,"Miscellaneous, Puzzle, Puzzle, General, Puzzle, General",,Mixed or average reviews,8,No user score yet,
294,114551,Konami,https://www.metacritic.com/company/konami,E10+,Konami,"Miscellaneous, Puzzle, Action, Puzzle, Puzzle, Action",2 Players,Mixed or average reviews,19,Mixed or average reviews,7
295,135149,Two Tribes,https://www.metacritic.com/company/two-tribes,E,Two Tribes,"Miscellaneous, Puzzle, Action, Puzzle, General, Puzzle, General",No Online Multiplayer,Generally favorable reviews,10,Generally favorable reviews,111
296,134655,Konami,https://www.metacritic.com/company/konami,E,Regolith Games ltd,"Miscellaneous, Puzzle, Puzzle, General, Logic, General",,Mixed or average reviews,13,No user score yet,
297,113977,Nintendo,https://www.metacritic.com/company/nintendo,E,Nintendo,"Miscellaneous, Puzzle, Puzzle, General, Puzzle, Logic, General",Up to 4 Players,Generally favorable reviews,5,Mixed or average reviews,6
298,134233,Ludosity Interactive,https://www.metacritic.com/company/ludosity-interactive,,Ludosity Interactive,"Miscellaneous, Puzzle, Action, Puzzle, Puzzle, Action",No Online Multiplayer,Mixed or average reviews,6,Generally unfavorable reviews,19
299,130063,"MumboJumbo, Blitz Games Studios",https://www.metacritic.com/company/mumbojumbo,E,Remode,"Miscellaneous, Puzzle, Puzzle, Puzzle, Logic, Logic",,Mixed or average reviews,8,No user score yet,
300,135155,PopCap,https://www.metacritic.com/company/popcap,E,Griptonite Games,"Miscellaneous, Puzzle, Puzzle, Puzzle, Matching, Matching, Action",No Online Multiplayer,Generally favorable reviews,10,No user score yet,
301,132505,Deep Fried Entertainment,https://www.metacritic.com/company/deep-fried-entertainment,E,Deep Fried Entertainment,"Miscellaneous, Puzzle, Puzzle, General, General",,Mixed or average reviews,4,Generally favorable reviews,7
302,128124,Triangle Studios,https://www.metacritic.com/company/triangle-studios,E,Triangle Studios,"Miscellaneous, Puzzle, Action, Puzzle, Action",,Mixed or average reviews,5,No user score yet,
303,129890,Valcon Games,https://www.metacritic.com/company/valcon-games,E,Eiconic Games,"Miscellaneous, Puzzle, Action, Puzzle, Puzzle, Logic, Logic",,Mixed or average reviews,10,No user score yet,
304,129891,Valcon Games,https://www.metacritic.com/company/valcon-games,E,Eiconic Games,"Miscellaneous, Puzzle, Action, Puzzle, Puzzle, Logic, Logic",No Online Multiplayer,Mixed or average reviews,10,No user score yet,
305,115109,Tecmo,https://www.metacritic.com/company/tecmo,E,Tecmo,"Miscellaneous, Puzzle, Action, Puzzle, Puzzle, Action",Up to 6 Players,Mixed or average reviews,5,No user score yet,
306,115110,Tecmo,https://www.metacritic.com/company/tecmo,E,Tecmo,"Miscellaneous, Puzzle, Action, Puzzle, Action",,Mixed or average reviews,13,No user score yet,
307,124930,The Game Factory,https://www.metacritic.com/company/the-game-factory,E,Two Tribes,"Miscellaneous, Puzzle, Puzzle, General, General",,Generally favorable reviews,9,No user score yet,
308,114666,Yullaby,https://www.metacritic.com/company/yullaby,E,Yullaby,"Miscellaneous, Puzzle, Puzzle, Puzzle, Matching, Matching",,Mixed or average reviews,5,No user score yet,
309,115004,"DreamCatcher Interactive, Dreamcatcher",https://www.metacritic.com/company/dreamcatcher-interactive,E,Firehazard Studio,"Miscellaneous, Adventure, Puzzle, Puzzle, General, Puzzle, Point-and-Click, General",,Generally unfavorable reviews,4,No user score yet,
310,130713,Simon Watson,https://www.metacritic.com/company/simon-watson,,Simon Watson,"Miscellaneous, Puzzle, Puzzle, General, Puzzle, General",,Generally favorable reviews,4,No user score yet,
311,130419,PopCap,https://www.metacritic.com/company/popcap,E,PopCap,"Miscellaneous, Puzzle, Puzzle, General, Puzzle, Logic, General",,Mixed or average reviews,6,No user score yet,
312,126956,PopCap,https://www.metacritic.com/company/popcap,E,PopCap,"Miscellaneous, Puzzle, Puzzle, General, Puzzle, Logic, General",,Mixed or average reviews,6,No user score yet,
313,129460,Big Fish Games,https://www.metacritic.com/company/big-fish-games,E10+,Big Fish Games,"Miscellaneous, Puzzle, Puzzle, Hidden Object, Puzzle, General",No Online Multiplayer,Generally favorable reviews,4,Generally favorable reviews,11
314,126985,Nemesys,https://www.metacritic.com/company/nemesys,E,Nemesys,"Miscellaneous, Puzzle, Action, Puzzle, Puzzle, Action",,Mixed or average reviews,13,Mixed or average reviews,4
315,127028,Hands-On Mobile,https://www.metacritic.com/company/hands-on-mobile,E,Bloober Team,"Miscellaneous, Puzzle, Action, Puzzle, Puzzle, Action",,Mixed or average reviews,6,Mixed or average reviews,8
316,130413,Halfbrick Studios,https://www.metacritic.com/company/halfbrick-studios,E,Halfbrick Studios,"Miscellaneous, Puzzle, Puzzle, General, Puzzle, General",,Generally favorable reviews,11,Generally favorable reviews,14
317,114378,Big Fish Games,https://www.metacritic.com/company/big-fish-games,E,GameLab,"Miscellaneous, Puzzle, Action, Puzzle, General, Puzzle, General",,Mixed or average reviews,8,No user score yet,
318,127703,Storm City Games,https://www.metacritic.com/company/storm-city-games,E,Sanuk Games,"Miscellaneous, Puzzle, Puzzle, General, General",,Mixed or average reviews,4,No user score yet,
319,113984,PopCap,https://www.metacritic.com/company/popcap,E,PopCap,"Miscellaneous, Puzzle, Action, Puzzle, Puzzle, Action",,Universal acclaim,10,Mixed or average reviews,71
320,126746,Square Enix,https://www.metacritic.com/company/square-enix,T,"Square Enix, PopCap","Miscellaneous, Puzzle, Puzzle, Puzzle, Matching, Matching",No Online Multiplayer,Mixed or average reviews,8,Mixed or average reviews,15
321,126747,Square Enix,https://www.metacritic.com/company/square-enix,T,"Square Enix, PopCap","Miscellaneous, Puzzle, Puzzle, Puzzle, Matching, Matching",,Generally favorable reviews,28,Mixed or average reviews,9
322,114379,Big Fish Games,https://www.metacritic.com/company/big-fish-games,E,GameLab,"Miscellaneous, Puzzle, Action, Puzzle, General, Puzzle, General",,Mixed or average reviews,12,No user score yet,
323,124914,PopCap,https://www.metacritic.com/company/popcap,E,PopCap,"Miscellaneous, Puzzle, Action, Puzzle, Puzzle, Action",,Generally favorable reviews,5,Mixed or average reviews,11
324,127088,Nintendo,https://www.metacritic.com/company/nintendo,E,Q-Games,"Miscellaneous, Puzzle, Puzzle, General, General",,Generally favorable reviews,6,Mixed or average reviews,5
325,128790,Blitz Arcade,https://www.metacritic.com/company/blitz-arcade,E,Blitz Arcade,"Miscellaneous, Puzzle, Puzzle, General, General",,Mixed or average reviews,12,Mixed or average reviews,5
326,129329,IUGO Mobile Entertainment Inc.,https://www.metacritic.com/company/iugo-mobile-entertainment-inc,,IUGO Mobile Entertainment Inc.,"Miscellaneous, Puzzle, Puzzle, General, Puzzle, General",,Generally favorable reviews,4,No user score yet,
327,125982,City Interactive,https://www.metacritic.com/company/city-interactive,T,City Interactive,"Miscellaneous, Puzzle, Puzzle, General, General",No Online Multiplayer,Mixed or average reviews,6,Mixed or average reviews,4
328,127706,Storm City Games,https://www.metacritic.com/company/storm-city-games,E,"Cerasus Media, Storm City Games","Miscellaneous, Puzzle, Puzzle, Matching, Matching",,Mixed or average reviews,9,No user score yet,
329,124749,SCEA,https://www.metacritic.com/company/scea,E,SCE Japan Studio,"Action, Miscellaneous, Puzzle, Puzzle, General, Puzzle, Platformer, General, 2D",,Mixed or average reviews,29,Mixed or average reviews,13
330,114967,THQ,https://www.metacritic.com/company/thq,E,5TH Cell,"Miscellaneous, Action Adventure, Puzzle, Puzzle, General, Puzzle, Sandbox, General",,Mixed or average reviews,21,Generally favorable reviews,31
331,114856,THQ,https://www.metacritic.com/company/thq,E,Planet Moon Studios,"Miscellaneous, Action Adventure, Puzzle, Puzzle, General, Puzzle, Sandbox, General",,Mixed or average reviews,22,Mixed or average reviews,11
332,115151,Warner Bros. Interactive Entertainment,https://www.metacritic.com/company/warner-bros-interactive-entertainment,E,Hijinx Studios,"Miscellaneous, Puzzle, Puzzle, General, Puzzle, General",,Mixed or average reviews,7,No user score yet,
333,127038,impressionware,https://www.metacritic.com/company/impressionware,E,impressionware,"Miscellaneous, Puzzle, Puzzle, Puzzle, Logic, Logic",,Mixed or average reviews,9,No user score yet,
334,128307,Digital Chocolate,https://www.metacritic.com/company/digital-chocolate,E,Digital Chocolate,"Miscellaneous, Puzzle, Action, Puzzle, Action",,Mixed or average reviews,19,Mixed or average reviews,10
335,113399,"Majesco Games, Majesco",https://www.metacritic.com/company/majesco-games,E,WayForward,"Action, Miscellaneous, Platformer, Puzzle, Puzzle, Platformer, 2D, General, 2D",No Online Multiplayer,Generally favorable reviews,43,Generally favorable reviews,44
336,114433,Performance Designed Products,https://www.metacritic.com/company/performance-designed-products,E10+,Performance Designed Products,"Miscellaneous, Puzzle, Puzzle, Party, Party / Minigame, General",,Mixed or average reviews,16,Generally favorable reviews,4
337,114855,Capy Games,https://www.metacritic.com/company/capy-games,E,Player X,"Miscellaneous, Puzzle, Puzzle, General, Puzzle, General",2 Players,Generally favorable reviews,22,Mixed or average reviews,36
338,151380,Storm City Games,https://www.metacritic.com/company/storm-city-games,E,Island Officials,"Miscellaneous, Puzzle, Puzzle, General, Puzzle, General",,Mixed or average reviews,5,No user score yet,
339,127087,"Digital Leisure Inc., Digital Leisure",https://www.metacritic.com/company/digital-leisure-inc,E,"Digital Leisure Inc., Digital Leisure","Miscellaneous, Puzzle, Puzzle, Logic, Logic",,Generally unfavorable reviews,5,No user score yet,
340,127025,Creat Studios,https://www.metacritic.com/company/creat-studios,E,Creat Studios,"Miscellaneous, Puzzle, Action, Puzzle, Puzzle, Action",,Mixed or average reviews,8,Overwhelming dislike,4
341,127037,Farmind Ltd,https://www.metacritic.com/company/farmind-ltd,E,Farmind Ltd,"Miscellaneous, Puzzle, Puzzle, Action",,Generally favorable reviews,4,Mixed or average reviews,4
342,126320,EA Mobile,https://www.metacritic.com/company/ea-mobile,E,EA Mobile,"Miscellaneous, Puzzle, Puzzle, Puzzle, Stacking, General",,Generally favorable reviews,7,Generally favorable reviews,30
343,126743,Taito Corporation,https://www.metacritic.com/company/taito-corporation,E,Taito Corporation,"Miscellaneous, Puzzle, Puzzle, Matching, Matching",,Generally favorable reviews,8,No user score yet,
344,114660,Electronic Arts,https://www.metacritic.com/company/electronic-arts,E,Electronic Arts,"Miscellaneous, Puzzle, Action, Puzzle, Puzzle, Action",,Generally favorable reviews,28,Generally favorable reviews,38
345,114661,Electronic Arts,https://www.metacritic.com/company/electronic-arts,E,TOSE,"Miscellaneous, Puzzle, Action, Puzzle, Puzzle, Action",,Mixed or average reviews,5,Mixed or average reviews,5
346,115156,Nintendo,https://www.metacritic.com/company/nintendo,E,fyto,"Miscellaneous, Puzzle, Action, Puzzle, Puzzle, Action",,Generally favorable reviews,16,Mixed or average reviews,8
347,126331,Sierra Online,https://www.metacritic.com/company/sierra-online,E,"Atomic Elbow, Atomic Elbow AB","Miscellaneous, Puzzle, Action, Puzzle, General, Puzzle, General",8 Players Online,Mixed or average reviews,8,Mixed or average reviews,6
348,126319,Creat Studios,https://www.metacritic.com/company/creat-studios,E,Creat Studios,"Miscellaneous, Puzzle, Puzzle, Hidden Object, General, Puzzle, General",,Generally unfavorable reviews,5,No user score yet,
349,126015,PopCap,https://www.metacritic.com/company/popcap,E,PopCap,"Miscellaneous, Puzzle, Action, Puzzle, Puzzle, Action",No Online Multiplayer,Generally favorable reviews,17,Generally favorable reviews,56
350,113851,Warner Bros. Interactive Entertainment,https://www.metacritic.com/company/warner-bros-interactive-entertainment,E10+,5TH Cell,"Miscellaneous, Puzzle, Action, Puzzle, General, Puzzle, General",,Generally favorable reviews,72,Generally favorable reviews,125
351,126001,Virtual Toys,https://www.metacritic.com/company/virtual-toys,E,Virtual Toys,"Miscellaneous, Puzzle, Puzzle, General, General",,Mixed or average reviews,10,No user score yet,
352,115572,Take-Two Interactive,https://www.metacritic.com/company/take-two-interactive,E10+,Her Interactive,"Miscellaneous, Puzzle, Puzzle, Hidden Object, Puzzle, Logic, Logic",No Online Multiplayer,Generally favorable reviews,5,Mixed or average reviews,11
353,113574,Playlogic,https://www.metacritic.com/company/playlogic,E10+,Whitebear,"Miscellaneous, Puzzle, Puzzle, Puzzle, Logic, Logic",,Mixed or average reviews,6,No user score yet,
354,114133,Natsume,https://www.metacritic.com/company/natsume,E,Natsume,"Miscellaneous, Puzzle, Puzzle, General, Puzzle, General",,Mixed or average reviews,7,Mixed or average reviews,9
355,114187,Namco Bandai Games,https://www.metacritic.com/company/namco-bandai-games,E,Bandai Namco Games,"Miscellaneous, Puzzle, Action, Puzzle, Puzzle, Action",,Mixed or average reviews,5,No user score yet,
356,109728,Nintendo,https://www.metacritic.com/company/nintendo,E10+,Level 5,"Miscellaneous, Puzzle, Puzzle, General, Puzzle, General",No Online Multiplayer,Generally favorable reviews,65,Generally favorable reviews,130
357,116146,Hemisphere Games,https://www.metacritic.com/company/hemisphere-games,E,Hemisphere Games,"Miscellaneous, Puzzle, Puzzle, General, Puzzle, General",No Online Multiplayer,Generally favorable reviews,22,Generally favorable reviews,155
358,116150,PopCap,https://www.metacritic.com/company/popcap,E10+,PopCap,"Miscellaneous, Puzzle, Puzzle, Puzzle, Logic, Logic",,Generally favorable reviews,15,Mixed or average reviews,16
359,113296,Square Enix,https://www.metacritic.com/company/square-enix,E,Taito Corporation,"Miscellaneous, Puzzle, Puzzle, Puzzle, Matching, Matching",,Mixed or average reviews,20,No user score yet,
360,113975,Nintendo,https://www.metacritic.com/company/nintendo,E,Nintendo,"Miscellaneous, Puzzle, Puzzle, Puzzle, Matching, Matching",,Mixed or average reviews,5,No user score yet,
361,115434,Cosmonaut Games,https://www.metacritic.com/company/cosmonaut-games,E,Cosmonaut Games,"Miscellaneous, Puzzle, Puzzle, Puzzle, Logic, Logic",,Mixed or average reviews,4,No user score yet,
362,114478,Square Enix,https://www.metacritic.com/company/square-enix,E,Taito Corporation,"Miscellaneous, Puzzle, Puzzle, Puzzle, Matching, Matching",,Mixed or average reviews,4,No user score yet,
363,113802,Nintendo,https://www.metacritic.com/company/nintendo,E,Skip Ltd.,"Miscellaneous, Puzzle, Action, Puzzle, Puzzle, Action",,Generally favorable reviews,9,No user score yet,
364,113449,SouthPeak Games,https://www.metacritic.com/company/southpeak-games,E,SpiderMonk,"Miscellaneous, Puzzle, Puzzle, General, Puzzle, General",,Mixed or average reviews,13,No user score yet,
365,114580,Atlus,https://www.metacritic.com/company/atlus,E,Blitz Arcade,"Miscellaneous, Puzzle, Puzzle, General, Puzzle, General",,Generally favorable reviews,6,Mixed or average reviews,32
366,118050,Steph Thirion,https://www.metacritic.com/company/steph-thirion,,Steph Thirion,"Miscellaneous, Puzzle, Puzzle, General, Puzzle, General",,Generally favorable reviews,4,No user score yet,
367,114579,Atlus,https://www.metacritic.com/company/atlus,E,Blitz Arcade,"Miscellaneous, Puzzle, Puzzle, General, Puzzle, General",,Generally favorable reviews,13,No user score yet,
368,114578,Atlus,https://www.metacritic.com/company/atlus,E,Blitz Arcade,"Miscellaneous, Puzzle, Puzzle, General, General",,Mixed or average reviews,25,Mixed or average reviews,5
369,112962,Codemasters,https://www.metacritic.com/company/codemasters,E10+,"Climax Group, Climax Studios","Miscellaneous, Puzzle, Action, Puzzle, Puzzle, Action",,Mixed or average reviews,22,Generally unfavorable reviews,4
370,114356,"Yuke's, Yuke's Company of America",https://www.metacritic.com/company/yukes,E,"Yuke's, Yuke's Company of America","Miscellaneous, Puzzle, Puzzle, General, Puzzle, General",,Generally favorable reviews,6,No user score yet,
371,170232,"Thekla, Inc",https://www.metacritic.com/company/thekla-inc,E,"Thekla, Inc","Miscellaneous, Puzzle, General, General, Puzzle, Puzzle, Adventure, 3D, First-Person",No Online Multiplayer,Generally favorable reviews,20,Mixed or average reviews,683
372,172996,Phosfiend Systems,https://www.metacritic.com/company/phosfiend-systems,,Phosfiend Systems,"Miscellaneous, Puzzle, General, Puzzle, Puzzle, General",No Online Multiplayer,Generally favorable reviews,25,Mixed or average reviews,30
373,172447,Nintendo,https://www.metacritic.com/company/nintendo,E10+,Level 5,"Puzzle, Miscellaneous, Puzzle, General, Puzzle, General",No Online Multiplayer,Generally favorable reviews,54,Generally favorable reviews,164
374,142967,Electronic Arts,https://www.metacritic.com/company/electronic-arts,,Electronic Arts,"Miscellaneous, Puzzle, Puzzle, Puzzle, Stacking, Stacking",,Generally favorable reviews,5,Generally favorable reviews,13
375,163738,Microsoft Game Studios,https://www.metacritic.com/company/microsoft-game-studios,E,SpikySnail Games Studio,"Puzzle, Miscellaneous, Puzzle, Action, Puzzle, Action",,Mixed or average reviews,32,Generally favorable reviews,18
376,171351,Lesta Studio,https://www.metacritic.com/company/lesta-studio,E,Lesta Studio,"Miscellaneous, Puzzle, Puzzle, Puzzle, Matching, Matching",,Mixed or average reviews,10,No user score yet,
377,124420,UTV Ignition Games,https://www.metacritic.com/company/utv-ignition-games,E10+,Denki,"Miscellaneous, Puzzle, Logic, Puzzle, Strategy, General, General",,Generally favorable reviews,36,Generally favorable reviews,14
378,172098,DTP Entertainment,https://www.metacritic.com/company/dtp-entertainment,E,FAKT Software,"Miscellaneous, Puzzle, Puzzle, General, Puzzle, General",,Mixed or average reviews,5,No user score yet,
379,112817,cdv Software,https://www.metacritic.com/company/cdv-software,E,SevenOne Intermedia,"Miscellaneous, Puzzle, Puzzle, General, Puzzle, General",,Mixed or average reviews,10,Generally favorable reviews,9
380,171661,Ubisoft,https://www.metacritic.com/company/ubisoft,T,Ubisoft,"Miscellaneous, Puzzle, Puzzle, General, Puzzle, General",,Mixed or average reviews,22,Mixed or average reviews,7
381,171659,Konami,https://www.metacritic.com/company/konami,E,NATSUME ATARI Inc.,"Miscellaneous, Puzzle, Puzzle, Puzzle, Logic, General, Logic",,Mixed or average reviews,7,No user score yet,
382,114325,Nintendo,https://www.metacritic.com/company/nintendo,E10+,Level 5,"Miscellaneous, Puzzle, Puzzle, General, Puzzle, General",No Online Multiplayer,Generally favorable reviews,58,Generally favorable reviews,91
383,172099,DTP Entertainment,https://www.metacritic.com/company/dtp-entertainment,E,FAKT Software,"Miscellaneous, Puzzle, Puzzle, General, Puzzle, General",,Mixed or average reviews,14,No user score yet,
384,155845,Two Tribes,https://www.metacritic.com/company/two-tribes,,"Two Tribes, Mobigame","Action, Miscellaneous, Puzzle, Platformer, Puzzle, General, Puzzle, Platformer, 3D, General, 3D",No Online Multiplayer,Mixed or average reviews,12,Mixed or average reviews,54
385,146707,Kalypso,https://www.metacritic.com/company/kalypso,E,Catnip Games,"Miscellaneous, Puzzle, Action, Puzzle, Puzzle, Action",,Mixed or average reviews,21,No user score yet,
386,173388,Telltale Games,https://www.metacritic.com/company/telltale-games,,Telltale Games,"Miscellaneous, Puzzle, Puzzle, General, Puzzle, General",No Online Multiplayer,Mixed or average reviews,22,Mixed or average reviews,48
387,173389,Telltale Games,https://www.metacritic.com/company/telltale-games,,Telltale Games,"Miscellaneous, Puzzle, Puzzle, General, Puzzle, General",,Mixed or average reviews,8,No user score yet,
388,115529,RTL Interactive LLC,https://www.metacritic.com/company/rtl-interactive-llc,E,Keen Games,"Miscellaneous, Puzzle, Puzzle, Puzzle, Logic, Logic",,Mixed or average reviews,5,No user score yet,
389,146724,Valcon Games,https://www.metacritic.com/company/valcon-games,E,Smudged Cat Games,"Miscellaneous, Puzzle, Puzzle, General, Puzzle, General",2 Players Online,Generally favorable reviews,25,Generally favorable reviews,11
390,172455,Ubisoft,https://www.metacritic.com/company/ubisoft,E,AQ Interactive,"Miscellaneous, Puzzle, Action, Puzzle, Puzzle, Action",No Online Multiplayer,Mixed or average reviews,15,Mixed or average reviews,15
391,173387,Telltale Games,https://www.metacritic.com/company/telltale-games,E,Telltale Games,"Miscellaneous, Puzzle, Puzzle, General, Puzzle, General",,Mixed or average reviews,7,Mixed or average reviews,7
392,171896,Zoe Mode,https://www.metacritic.com/company/zoe-mode,E,Zoe Mode,"Puzzle, Miscellaneous, Puzzle, Puzzle, Stacking, Stacking",,Generally favorable reviews,19,Generally favorable reviews,16
393,171651,Square Enix,https://www.metacritic.com/company/square-enix,E,Arika,"Puzzle, Miscellaneous, Puzzle, General, Puzzle, Matching, General",,Generally unfavorable reviews,30,Generally unfavorable reviews,14
394,166645,City Interactive,https://www.metacritic.com/company/city-interactive,E10+,City Interactive,"Miscellaneous, Puzzle, Puzzle, General, Puzzle, General",,Generally favorable reviews,4,No user score yet,
395,170228,PopCap,https://www.metacritic.com/company/popcap,E,Torpex Games LLC,"Miscellaneous, Puzzle, Puzzle, Puzzle, Matching, Matching",,Mixed or average reviews,18,Generally favorable reviews,10
396,172596,THQ,https://www.metacritic.com/company/thq,E10+,Double Fine Productions,"Miscellaneous, Puzzle, Action, Puzzle, Puzzle, Action",,Generally favorable reviews,68,Generally favorable reviews,46
397,172597,THQ,https://www.metacritic.com/company/thq,E10+,Double Fine Productions,"Miscellaneous, Puzzle, Action, Puzzle, Puzzle, Action",,Generally favorable reviews,44,Generally favorable reviews,57
398,155805,Namco Bandai Games,https://www.metacritic.com/company/namco-bandai-games,E,Namco Bandai Games,"Miscellaneous, Puzzle, Puzzle, Puzzle, Logic, Logic",No Online Multiplayer,Mixed or average reviews,33,Generally unfavorable reviews,5
399,163519,"Atari, Atari SA",https://www.metacritic.com/company/atari,E,Vitamin G Studios,"Miscellaneous, Puzzle, Puzzle, General, Puzzle, General",,Mixed or average reviews,12,Generally favorable reviews,4
400,159170,Bit Barons,https://www.metacritic.com/company/bit-barons,E,Bit Barons,"Puzzle, Miscellaneous, Puzzle, Puzzle, Matching, Matching",,Mixed or average reviews,4,No user score yet,
401,155436,Stickmen Studios,https://www.metacritic.com/company/stickmen-studios,E,Stickmen Studios,"Miscellaneous, Puzzle, Puzzle, General, Puzzle, General",,Generally unfavorable reviews,4,No user score yet,
402,170231,Nicalis,https://www.metacritic.com/company/nicalis,,Nicalis,"Miscellaneous, Puzzle, Action, Puzzle, Puzzle, Action",No Online Multiplayer,Generally favorable reviews,6,Mixed or average reviews,73
403,155246,Microsoft Game Studios,https://www.metacritic.com/company/microsoft-game-studios,E,Southend Interactive,"Miscellaneous, Puzzle, Action, General, Puzzle, Puzzle, Action",,Generally favorable reviews,53,Generally favorable reviews,60
404,164140,Electronic Arts,https://www.metacritic.com/company/electronic-arts,E,EA Mobile,"Miscellaneous, Puzzle, Puzzle, Puzzle, Stacking, Stacking",4 Players Online,Generally favorable reviews,11,Mixed or average reviews,16
405,114693,Halfbrick Studios,https://www.metacritic.com/company/halfbrick-studios,E10+,Halfbrick Studios,"Miscellaneous, Puzzle, Action, Puzzle, Puzzle, Action",,Generally favorable reviews,43,Mixed or average reviews,21
406,145709,SCEA,https://www.metacritic.com/company/scea,E,SCE Japan Studio,"Miscellaneous, Puzzle, Action, Puzzle, General, Puzzle, General",No Online Multiplayer,Generally favorable reviews,28,Mixed or average reviews,11
407,168194,Big Blue Bubble Inc.,https://www.metacritic.com/company/big-blue-bubble-inc,,Big Blue Bubble Inc.,"Action, Miscellaneous, Puzzle, General, Puzzle, General, Puzzle, General",,Generally favorable reviews,13,No user score yet,
408,168345,Bryan Mitchell,https://www.metacritic.com/company/bryan-mitchell,,Bryan Mitchell,"Miscellaneous, Puzzle, Puzzle, General",,Generally favorable reviews,5,No user score yet,
409,167226,Namco Bandai Games,https://www.metacritic.com/company/namco-bandai-games,,Infinite Interactive,"Miscellaneous, Puzzle, Action, Puzzle, Puzzle, Action",,Generally favorable reviews,8,Mixed or average reviews,7
410,114410,Avanquest Software,https://www.metacritic.com/company/avanquest-software,E,MumboJumbo,"Miscellaneous, Puzzle, Puzzle, General, Puzzle, Matching, General",,Mixed or average reviews,5,Mixed or average reviews,6
411,163538,PopCap,https://www.metacritic.com/company/popcap,E,PopCap,"Miscellaneous, Puzzle, Puzzle, Puzzle, Matching, Matching",No Online Multiplayer,Generally favorable reviews,27,Generally favorable reviews,118
412,164124,Two Tribes,https://www.metacritic.com/company/two-tribes,,Two Tribes,"Miscellaneous, Puzzle, Puzzle, General, Puzzle, General",No Online Multiplayer,Mixed or average reviews,4,Mixed or average reviews,29
413,155842,Two Tribes,https://www.metacritic.com/company/two-tribes,E,Two Tribes,"Miscellaneous, Puzzle, Puzzle, General, Puzzle, General",,Mixed or average reviews,5,No user score yet,
414,135712,Hudson Entertainment,https://www.metacritic.com/company/hudson-entertainment,E,PlayFirst,"Miscellaneous, Puzzle, Puzzle, Hidden Object, General, Puzzle, General",,Generally unfavorable reviews,8,No user score yet,
415,129140,Zoo Games,https://www.metacritic.com/company/zoo-games,E,Cipher Prime,"Miscellaneous, Puzzle, Puzzle, General, Puzzle, General",,Generally favorable reviews,7,Mixed or average reviews,9
416,163676,G5 Entertainment,https://www.metacritic.com/company/g5-entertainment,E,G5 Entertainment,"Simulation, Miscellaneous, Adventure, Puzzle, General, Puzzle, General, Virtual, General, Career",,Mixed or average reviews,5,No user score yet,
417,163523,"Tetris Online, Inc",https://www.metacritic.com/company/tetris-online-inc,E,Hudson Soft,"Miscellaneous, Puzzle, Puzzle, Puzzle, Stacking, Stacking",,Mixed or average reviews,4,No user score yet,
418,154097,EA Games,https://www.metacritic.com/company/ea-games,E,EA Bright Light,"Miscellaneous, Puzzle, Puzzle, General, Puzzle, General",No Online Multiplayer,Mixed or average reviews,19,Mixed or average reviews,10
419,154098,EA Games,https://www.metacritic.com/company/ea-games,E,EA Bright Light,"Miscellaneous, Puzzle, Puzzle, General, Puzzle, General",No Online Multiplayer,Mixed or average reviews,23,Mixed or average reviews,7
420,154099,EA Games,https://www.metacritic.com/company/ea-games,E,EA Bright Light,"Miscellaneous, Puzzle, Puzzle, General, Puzzle, General",No Online Multiplayer,Mixed or average reviews,7,Generally favorable reviews,4
421,154100,EA Games,https://www.metacritic.com/company/ea-games,E,EA Bright Light,"Miscellaneous, Puzzle, Puzzle, General, Puzzle, General",No Online Multiplayer,Mixed or average reviews,7,Mixed or average reviews,12
422,163518,"Atari, Atari SA",https://www.metacritic.com/company/atari,E,Vitamin G Studios,"Miscellaneous, Puzzle, Puzzle, General, Puzzle, General",No Online Multiplayer,Mixed or average reviews,19,Mixed or average reviews,6
423,163520,"Atari, Atari SA",https://www.metacritic.com/company/atari,E,Vitamin G Studios,"Miscellaneous, Puzzle, Puzzle, General, Puzzle, General",,Mixed or average reviews,32,No user score yet,
424,150730,MumboJumbo,https://www.metacritic.com/company/mumbojumbo,E,MumboJumbo,"Miscellaneous, Puzzle, Puzzle, General, Puzzle, General",,Mixed or average reviews,4,No user score yet,
425,135711,Hudson Entertainment,https://www.metacritic.com/company/hudson-entertainment,E,PlayFirst,"Miscellaneous, Puzzle, Puzzle, Hidden Object, General, Puzzle, General",,Generally unfavorable reviews,9,No user score yet,
426,169884,Sega,https://www.metacritic.com/company/sega,,Sega,"Miscellaneous, Puzzle, Puzzle, General, Puzzle, General",,Generally favorable reviews,12,No user score yet,
427,163505,Nintendo,https://www.metacritic.com/company/nintendo,E,Keys Factory,"Miscellaneous, Puzzle, Action, Puzzle, Puzzle, Action",,Mixed or average reviews,6,Generally favorable reviews,7
428,155437,Stickmen Studios,https://www.metacritic.com/company/stickmen-studios,E,Stickmen Studios,"Miscellaneous, Puzzle, Puzzle, General, Puzzle, General",No Online Multiplayer,Mixed or average reviews,7,Mixed or average reviews,17
429,152354,Electronic Arts,https://www.metacritic.com/company/electronic-arts,M,Sumo Digital,"Miscellaneous, Puzzle, Action, Shooter, Puzzle, Puzzle, Third-Person, Action, Sci-Fi",,Generally unfavorable reviews,26,Generally unfavorable reviews,38
430,152355,Electronic Arts,https://www.metacritic.com/company/electronic-arts,M,Sumo Digital,"Miscellaneous, Puzzle, Action, Shooter, Puzzle, Puzzle, Third-Person, General, Action, Sci-Fi",,Generally unfavorable reviews,19,Generally unfavorable reviews,28
431,142930,Warner Bros. Interactive Entertainment,https://www.metacritic.com/company/warner-bros-interactive-entertainment,E10+,5TH Cell,"Miscellaneous, Puzzle, Action, Puzzle, General, Puzzle, General",2 Players,Generally favorable reviews,53,Generally favorable reviews,62
432,155008,City Interactive,https://www.metacritic.com/company/city-interactive,E,City Interactive,"Miscellaneous, Puzzle, Puzzle, Hidden Object, General, Puzzle, General",,Mixed or average reviews,8,No user score yet,
433,115188,SCEA,https://www.metacritic.com/company/scea,E10+,Novarama,"Strategy, Miscellaneous, Turn-Based, Card Battle, Puzzle, Puzzle, General, Card Battle",2 Players 2 Players Online,Mixed or average reviews,32,Generally favorable reviews,30
434,165973,Cyan Worlds,https://www.metacritic.com/company/cyan-worlds,,Cyan Worlds,"Miscellaneous, Puzzle, Puzzle, General",,Mixed or average reviews,5,No user score yet,
435,145620,Nintendo,https://www.metacritic.com/company/nintendo,E10+,Level 5,"Miscellaneous, Puzzle, Puzzle, General, Puzzle, General",No Online Multiplayer,Generally favorable reviews,62,Generally favorable reviews,186
436,154964,FuturLab,https://www.metacritic.com/company/futurlab,E,FuturLab,"Miscellaneous, Puzzle, Action, Puzzle, Puzzle, Action",,Generally favorable reviews,6,Generally favorable reviews,33
437,154999,Big Fish Games,https://www.metacritic.com/company/big-fish-games,E,Big Fish Games,"Miscellaneous, Puzzle, Action, Puzzle, Puzzle, Action",No Online Multiplayer,Generally favorable reviews,5,Mixed or average reviews,7
438,157311,Com2uS,https://www.metacritic.com/company/com2us,,Com2uS,"Miscellaneous, Puzzle, Puzzle, General, Puzzle, General",,Generally favorable reviews,9,No user score yet,
439,155038,Lexis Numerique,https://www.metacritic.com/company/lexis-numerique,E,Lexis Numerique,"Miscellaneous, Puzzle, Action, Puzzle, Puzzle, Action",,Mixed or average reviews,4,No user score yet,
440,154441,Namco Networks America,https://www.metacritic.com/company/namco-networks-america,E10+,Infinite Interactive,"Miscellaneous, Puzzle, Action, Puzzle, Puzzle, Action",,Generally favorable reviews,6,Mixed or average reviews,41
441,154407,Eiconic Games,https://www.metacritic.com/company/eiconic-games,E,Eiconic Games,"Miscellaneous, Puzzle, Puzzle, General, Puzzle, General",,Mixed or average reviews,4,Generally unfavorable reviews,4
442,154933,Semi Secret Software,https://www.metacritic.com/company/semi-secret-software,,Adam Atomic and Danny B,"Miscellaneous, Puzzle, Puzzle, General",,Mixed or average reviews,8,No user score yet,
443,154930,Konami,https://www.metacritic.com/company/konami,,Konami,"Miscellaneous, Puzzle, Puzzle, Puzzle, Stacking, Matching, Stacking",,Generally favorable reviews,13,Generally favorable reviews,6
444,155287,"Arcen Games, LLC",https://www.metacritic.com/company/arcen-games-llc,,"Arcen Games, LLC","Miscellaneous, Puzzle, Puzzle, Puzzle, Stacking, Stacking",,Generally favorable reviews,5,Mixed or average reviews,20
445,134661,Sabarasa Entertainment,https://www.metacritic.com/company/sabarasa-entertainment,E,Sabarasa Entertainment,"Miscellaneous, Puzzle, Puzzle, Puzzle, Matching, General, Matching",,Mixed or average reviews,5,No user score yet,
446,152890,Clickgamer.com,https://www.metacritic.com/company/clickgamercom,,Clickgamer.com,"Miscellaneous, Puzzle, Puzzle, General, Puzzle, General",,Generally favorable reviews,14,No user score yet,
447,164389,Binary Takeover,https://www.metacritic.com/company/binary-takeover,,Binary Takeover,"Puzzle, Miscellaneous, Puzzle, General, Puzzle, Matching, General",No Online Multiplayer,Generally favorable reviews,4,Mixed or average reviews,36
448,142915,D3Publisher,https://www.metacritic.com/company/d3publisher,E,WayForward,"Action, Miscellaneous, Puzzle, General, Puzzle, Platformer, Action, 2D",,Mixed or average reviews,9,No user score yet,
449,130422,D3Publisher,https://www.metacritic.com/company/d3publisher,E10+,Infinite Interactive,"Miscellaneous, Puzzle, Action, Puzzle, Puzzle, Action",,Generally favorable reviews,32,Generally favorable reviews,22
450,150236,Telltale Games,https://www.metacritic.com/company/telltale-games,,Telltale Games,"Miscellaneous, Puzzle, Puzzle, General, Puzzle, General",No Online Multiplayer,Mixed or average reviews,24,Mixed or average reviews,87
451,130423,D3Publisher,https://www.metacritic.com/company/d3publisher,E10+,Infinite Interactive,"Miscellaneous, Puzzle, Action, Puzzle, Puzzle, Action",,Mixed or average reviews,27,Mixed or average reviews,12
452,146190,Nintendo,https://www.metacritic.com/company/nintendo,E,Skip Ltd.,"Miscellaneous, Puzzle, Puzzle, General, Puzzle, General",,Mixed or average reviews,8,No user score yet,
453,151370,Nintendo,https://www.metacritic.com/company/nintendo,E,Zener Works,"Miscellaneous, Puzzle, Puzzle, Puzzle, Matching, Matching",,Mixed or average reviews,4,No user score yet,
454,143207,Square Enix,https://www.metacritic.com/company/square-enix,E,Square Enix,"Miscellaneous, Puzzle, Action, Puzzle, Puzzle, Action",,Mixed or average reviews,8,No user score yet,
455,143208,Square Enix,https://www.metacritic.com/company/square-enix,E,Square Enix,"Miscellaneous, Puzzle, Action, Puzzle, Puzzle, Action",,Mixed or average reviews,7,No user score yet,
456,143260,Doctor Entertainment,https://www.metacritic.com/company/doctor-entertainment,E,Doctor Entertainment,"Miscellaneous, Puzzle, Puzzle, General, Puzzle, General",No Online Multiplayer,Generally favorable reviews,9,Mixed or average reviews,39
457,151442,Kieffer Bros.,https://www.metacritic.com/company/kieffer-bros,,Kieffer Bros.,"Miscellaneous, Puzzle, Puzzle, General, Puzzle, General",,Generally favorable reviews,5,No user score yet,
458,143174,PopCap,https://www.metacritic.com/company/popcap,E,PopCap,"Miscellaneous, Puzzle, Puzzle, Puzzle, Matching, Matching",,Mixed or average reviews,4,Generally favorable reviews,6
459,143267,Konami,https://www.metacritic.com/company/konami,E10+,Konami,"Miscellaneous, Puzzle, Puzzle, Hidden Object, General, Puzzle, General",,Mixed or average reviews,4,No user score yet,
460,155286,Laughing Jackal,https://www.metacritic.com/company/laughing-jackal,E,Laughing Jackal,"Miscellaneous, Puzzle, Puzzle, General, Puzzle, General",,Mixed or average reviews,4,Mixed or average reviews,5
461,146183,Playtainment,https://www.metacritic.com/company/playtainment,E,Yullaby,"Miscellaneous, Puzzle, Puzzle, General, Puzzle, General",,Mixed or average reviews,5,No user score yet,
462,142891,Nintendo,https://www.metacritic.com/company/nintendo,E,Mindware,"Miscellaneous, Puzzle, Puzzle, General, Puzzle, General",,Generally favorable reviews,4,No user score yet,
463,133571,Konami,https://www.metacritic.com/company/konami,E10+,Black Lantern Studios,"Miscellaneous, Puzzle, Action, Puzzle, Puzzle, Action",,Mixed or average reviews,5,Mixed or average reviews,6
464,151060,Ubisoft,https://www.metacritic.com/company/ubisoft,E,Exkee,"Miscellaneous, Puzzle, Puzzle, General, Puzzle, General",4 Players Online,Mixed or average reviews,9,Mixed or average reviews,5
465,133570,Konami,https://www.metacritic.com/company/konami,E10+,Black Lantern Studios,"Miscellaneous, Puzzle, Action, Puzzle, Puzzle, Action",,Generally unfavorable reviews,6,Generally unfavorable reviews,8
466,146192,"Majesco Games, Majesco",https://www.metacritic.com/company/majesco-games,E,"Tetris Online, Inc","Miscellaneous, Puzzle, Puzzle, Puzzle, Stacking, Stacking",,Generally favorable reviews,11,No user score yet,
467,145769,"Majesco Games, Majesco",https://www.metacritic.com/company/majesco-games,E,"Tetris Online, Inc","Miscellaneous, Puzzle, Puzzle, Puzzle, Stacking, Stacking",No Online Multiplayer,Mixed or average reviews,19,Mixed or average reviews,5
468,145629,Zoo Games,https://www.metacritic.com/company/zoo-games,E,Rising Star Games,"Miscellaneous, Puzzle, Puzzle, General, Puzzle, Logic, General",,Mixed or average reviews,6,No user score yet,
469,115032,Atlus,https://www.metacritic.com/company/atlus,T,Atlus,"Action, Simulation, Miscellaneous, General, Puzzle, General, Virtual, General, Career",,Generally favorable reviews,29,Generally favorable reviews,32
470,150703,G5 Software,https://www.metacritic.com/company/g5-software,E,G5 Software,"Simulation, Miscellaneous, Puzzle, Puzzle, General, Puzzle, Virtual, General, Career",,Mixed or average reviews,4,No user score yet,
